(答案),﻿題號,問題,(1) 選項1,(2) 選項2,(3) 選項3,(4) 選項4
(2),1,從事業餘無線電作業，應遵守之規定，下列何者正確？,(1) 須經測試合格，領有業餘無線電人員執照者，始得申設業餘電臺。,(2) 須取得業餘電臺執照及電臺呼號後，始得從事業餘無線電作業。,(3) 不得從事具有任何營利性質之通信。,(4) 以上皆是。
(4),2,違反業餘無線電管理規定，擅自使用及變更業餘分配頻段、發射功率者，處新臺幣多少元罰鍰？,(1) 一百元以上五百元以下,(2) 一千元以上五千元以下,(3) 一萬元以上十萬元以下,(4) 十萬元以上五十萬元以下
(3),3,145MHz 及 433MHz 頻率之用途為何？,(1) 商業廣播頻率,(2) 氣象觀測頻率,(3) 呼叫及緊急救難頻率,(4) 航空導航頻率
(1),4,下列何者為「無線電規章」的定義？,(1) 指主管機關參照國際電信聯合會之國際無線電規則所訂定之各類規則、細則、辦法及規範等。,(2) 指憲法中關於通信的條文。,(3) 指業餘無線電團體自訂的規約。,(4) 指無線電機的使用說明書。
(2),5,業餘無線電人員之定義為何？,(1) 指從事商業無線電通訊的人員。,(2) 指基於個人興趣，不以營利為目的，經主管機關測試及格，取得業餘無線電人員執照者。,(3) 指在廣播電台工作的人員。,(4) 指專門維修收音機的技師。
(4),6,何謂「混附發射」？,(1) 指在發射之必需頻帶寬度內產生之輻射。,(2) 指正常的語音通訊。,(3) 指由外部電源產生的雜訊。,(4) 指於發射之必需頻帶寬度外產生之輻射或頻率，其位準可再降低而不致影響所傳送之信息。
(3),7,「天線結構」是指什麼？,(1) 僅指天線本身。,(2) 僅指天線的支撐架。,(3) 無線電波輻射系統及其支撐結構和附屬物之總稱。,(4) 指天線內部的電線。
(1),8,「有效輻射功率 (ERP)」的計算方式為何？,(1) 由發射機輸出傳送到天線之功率及其天線與半波偶極天線相對增益之乘積。,(2) 發射機的總輸入功率。,(3) 電池消耗的功率。,(4) 天線產生的熱能。
(4),9,何謂「妨害性干擾」？,(1) 正常的背景噪音。,(2) 偶爾出現的靜電聲。,(3) 無線電通信作業產生之干擾，危及無線電導航或其他無線電安全維護作業。,(4) 對合法無線電通信造成明顯減損、阻礙、重複中斷等現象者。
(2),10,「緊急通信」的目的是什麼？,(1) 測試設備性能。,(2) 處於危急狀態下，為保護生命、財產安全而建立之緊急無線電通信作業。,(3) 練習摩爾斯碼。,(4) 轉發新聞氣象。
(1),11,業餘無線電人員之資格分為幾等？,(1) 三等：一等、二等、三等。,(2) 二等：甲等、乙等。,(3) 四等：特等、一等、二等、三等。,(4) 五等。
(3),12,二等業餘無線電人員測試及格標準為何？,(1) 至少應答對 25 題。,(2) 至少應答對 30 題。,(3) 總計 40 題，至少應答對 32 題。,(4) 至少應答對 35 題。
(2),13,三等業餘無線電人員測試及格者，要滿多久才能參加二等測試？,(1) 立即具有資格。,(2) 設置三等業餘電臺達一年以上。,(3) 滿兩年。,(4) 滿五年。
(4),14,業餘無線電人員執照有效期間為幾年？,(1) 1 年,(2) 3 年,(3) 5 年,(4) 10 年
(2),15,業餘電臺執照有效期間屆滿前多久應申請換發？,(1) 一個月。,(2) 六個月起五個月內。,(3) 隨時可以。,(4) 過期後再申請。
(1),16,二等業餘無線電人員可以申請設置什麼等級的電臺？,(1) 二等或三等業餘電臺。,(2) 僅限二等電臺。,(3) 僅限三等電臺。,(4) 一等、二等或三等電臺。
(3),17,行動式業餘電臺之輸出功率限制為何？,(1) 不限。,(2) 必須超過 100 瓦。,(3) 輸出功率未達 25 瓦，或 25 至 50 瓦且頻率在 50MHz 以下。,(4) 必須小於 1 瓦。
(4),18,固定式業餘電臺設置申請書應載明哪些事項？,(1) 申請人姓名、執照號碼。,(2) 設置目的、設置地址。,(3) 無線電機廠牌、型號、序號、頻率及功率。,(4) 以上皆是。
(2),19,「示標電臺」主要用途為何？,(1) 播放音樂。,(2) 發射或接收做為觀測電波傳播及其他相關實驗活動信號。,(3) 商業通訊。,(4) 緊急醫療救援。
(1),20,臨時電臺設置使用期間以多久為限？,(1) 六個月。,(2) 一年。,(3) 兩年。,(4) 一個月。
(3),21,業餘電臺天線高度超過地平面多少公尺應具有航空色標及標識燈？,(1) 10 公尺,(2) 30 公尺,(3) 60 公尺,(4) 100 公尺
(4),22,業餘電臺呼號的第一個字元是什麼？,(1) A,(2) C,(3) X,(4) B
(1),23,業餘電臺呼號第三個字元代表什麼？,(1) 所在地之直轄市、縣(市)代碼。,(2) 個人編號。,(3) 電臺等級。,(4) 出生月份。
(2),24,呼號中數字「2」代表哪些地區？,(1) 基隆、宜蘭。,(2) 臺北、新北。,(3) 桃園、新竹。,(4) 台中。
(3),25,二等業餘電臺呼號的組合特徵為何？,(1) 二個英文字母。,(2) 呼號第二字元為 X 且後跟一個字母。,(3) 三個英文字母且第二字元為 X。,(4) 四個英文字母。
(4),26,通信中至少每隔多久應報其電臺呼號一次？,(1) 1 分鐘,(2) 5 分鐘,(3) 10 分鐘,(4) 30 分鐘
(1),27,語音通信時，報明呼號應使用什麼？,(1) 英語或國際無線電規則規定之英語識別代字。,(2) 國語。,(3) 方言。,(4) 自創的代碼。
(2),28,業餘電臺作業時，應優先讓何種通信作業？,(1) 朋友聊天。,(2) 緊急通信。,(3) 技術討論。,(4) 播放音樂。
(3),29,業餘無線電人員操作執照較低等級之電臺時，應如何識別？,(1) 只能用低等級呼號。,(2) 只能用等級最高呼號。,(3) 於所在電臺呼號後以斜線分隔加上其原電臺呼號。,(4) 不需要特別標示。
(4),30,下列何者是禁止在業餘電臺傳送的內容？,(1) 具營利性質之通信。,(2) 廣播公眾接收之發射作業。,(3) 故意或惡意干擾。,(4) 以上皆是。
(3),31,業餘電臺呼號指配後，業餘無線電人員是否可以要求更換特定呼號？,(1) 可以，隨時申請。,(2) 可以，只要支付額外規費。,(3) 不得要求指配特定呼號，但臨時電臺且無重複之虞者除外。,(4) 只有一等人員可以。
(1),32,業餘無線電人員取得較高等級資格後，原設置之業餘電臺應如何處理呼號？,(1) 得申請改配呼號，原呼號收回不再使用。,(2) 必須繼續使用原呼號。,(3) 可以同時使用新舊兩個呼號。,(4) 呼號會自動變更，不需申請。
(2),33,業餘電臺於通訊時，應如何使用語言？,(1) 僅限使用國語。,(2) 應使用英語或國際無線電規則規定之英語識別代字，或能清楚識別之語言。,(3) 可以使用任何自創的暗號。,(4) 必須使用摩爾斯碼。
(4),34,業餘電臺是否可以作為中繼其他電信事業信號之用？,(1) 可以。,(2) 只要不收費就可以。,(3) 僅限於轉發新聞時。,(4) 不得作為中繼其他電信事業信號之用。
(2),35,業餘無線電人員執照遺失時，應如何處理？,(1) 等到有效期限屆滿再處理。,(2) 應即申請補發，其有效期與原執照相同。,(3) 必須重新參加測試。,(4) 逕行使用舊執照影本即可。
(1),36,何謂「即席控制作業」？,(1) 指在電臺內直接調校、控制無線電通信作業。,(2) 指在家中透過網路控制電臺。,(3) 指電臺自動發射信號。,(4) 指由他人代為控制。
(3),37,業餘無線電人員設置固定式業餘電臺，其數量限制為何？,(1) 不限數量。,(2) 每人最多三座。,(3) 一人以一座為限，但其構成之無線電機數量不限。,(4) 每個地址只能有一座。
(4),38,申請固定式業餘電臺執照時，若使用未經型式認證之機件，應檢附什麼資料？,(1) 僅需身分證影本。,(2) 廠商保證書。,(3) 國外購買證明。,(4) 技術規格資料（含頻率、輸出功率等）。
(1),39,業餘電臺設置核准之有效期間為多久？,(1) 六個月。,(2) 一年。,(3) 兩年。,(4) 五年。
(2),40,電臺設置核准後若無法於期限內完成設置，可以展期多久？,(1) 不得展期。,(2) 展期期間為六個月，且以一次為限。,(3) 展期一年。,(4) 隨時可以再次申請。
(3),41,固定式業餘電臺執照應載明的事項，不包括下列何者？,(1) 電臺呼號。,(2) 設置地址。,(3) 申請人的學歷。,(4) 無線電機序號。
(1),42,行動式業餘電臺之輸出功率若在 25 瓦以上、50 瓦以下，其發射頻率限制為何？,(1) 頻段在 50MHz 以下。,(2) 頻段在 144MHz 以上。,(3) 沒有頻率限制。,(4) 僅限 430MHz 頻段。
(4),43,團體業餘電臺應由具備幾等資格之會員代表申請？,(1) 三等。,(2) 二等。,(3) 只要是會員即可。,(4) 一等。
(2),44,臨時電臺之設置使用期間，最長不得超過多久？,(1) 一個月。,(2) 六個月。,(3) 一年。,(4) 三年。
(3),45,申請臨時電臺應於預定設置使用日多久前提出？,(1) 前一天。,(2) 三天前。,(3) 十日前。,(4) 一個月前。
(1),46,業餘電臺執照有效期間屆滿，應於何時申請換照？,(1) 屆滿前六個月起五個月內。,(2) 屆滿後一個月內。,(3) 隨時可申請。,(4) 屆滿前一年。
(4),47,變更固定式業餘電臺之設置地點時，應如何辦理？,(1) 直接搬遷即可。,(2) 搬遷後再電話通知。,(3) 換發人員執照。,(4) 填具異動申請書申請審驗，換發電臺執照後始得使用。
(2),48,業餘電臺天線結構高度超過地平面多少公尺，需有航空色標？,(1) 20 公尺。,(2) 60 公尺。,(3) 100 公尺。,(4) 150 公尺。
(1),49,業餘無線電機之混附發射若產生妨害性干擾，應如何處理？,(1) 立即停止發射並予以改善。,(2) 降低功率繼續使用。,(3) 只要不是故意的就沒關係。,(4) 等待主管機關來維修。
(3),50,下列何者屬於禁止之通信內容？,(1) 技術研究心得分享。,(2) 緊急求救信號。,(3) 傳送猥褻、淫穢之語言或信息。,(4) 報明自己的呼號。
(2),51,業餘無線電人員是否可以為第三者傳送信息？,(1) 完全禁止。,(2) 僅限與我國訂有第三者通信協定之國家，且不具營利性質。,(3) 只要不收錢就可以隨便傳。,(4) 只有一等人員可以。
(1),52,業餘無線電人員在操作業餘電臺時，應將何種證件置於該電臺明顯處？,(1) 業餘電臺執照。,(2) 國民身分證。,(3) 畢業證書。,(4) 無線電機操作手冊。
(4),53,業餘無線電通訊紀錄（Log）應至少保存多久？,(1) 不需要保存。,(2) 一個月。,(3) 六個月。,(4) 一年。
(3),54,業餘電臺是否可以與非業餘電臺通訊？,(1) 可以。,(2) 只要頻率一樣就可以。,(3) 不得與非業餘電臺通訊，但發生緊急通信時除外。,(4) 僅限於晚上通訊。
(2),55,參加二等業餘無線電人員測試，總計 40 題，需答對幾題才算及格？,(1) 25 題。,(2) 32 題。,(3) 35 題。,(4) 40 題。
(1),56,業餘電臺呼號之指配，個人電臺之呼號原則上按什麼順序指配？,(1) 申請順序。,(2) 抽籤。,(3) 依年齡。,(4) 依測試成績。
(3),57,業餘無線電人員之操作執照，每幾年應申請換發？,(1) 1 年。,(2) 5 年。,(3) 10 年。,(4) 終身有效。
(4),58,下列何種情形應廢止業餘無線電人員執照？,(1) 變更地址未申報。,(2) 遺失執照。,(3) 出國觀光。,(4) 違反相關法令情節重大，經處分廢止者。
(2),59,業餘無線電頻率之分配，應參考何種組織之建議？,(1) 聯合國。,(2) 國際電信聯合會（ITU）。,(3) 世界衛生組織。,(4) 國際奧委會。
(1),60,「混附發射」包括哪些成分？,(1) 諧波發射、寄生發射、相互調變及頻率轉換所產生者。,(2) 正常的語音信號。,(3) 所有的背景雜訊。,(4) 地面反射波。
(2),61,業餘電臺之呼叫方式，在語音通信時應如何進行？,(1) 連續發射載波即可。,(2) 先報出對方呼號，再報出自己電臺呼號。,(3) 只報出自己的名字。,(4) 隨意發出聲音。
(4),62,二等業餘無線電人員可以使用的發射方式為何？,(1) 僅限語音 (Phone)。,(2) 僅限電報 (CW)。,(3) 僅限數據 (Data)。,(4) 依「業餘無線電管理辦法」規定之各種發射方式均可。
(1),63,業餘電臺在什麼情況下可以進行廣播？,(1) 任何情況下均不得進行廣播。,(2) 慶祝節日時。,(3) 播放流行音樂時。,(4) 為了測試音質。
(3),64,業餘無線電人員執照換發時，若原執照已逾期，應如何處理？,(1) 自動續約。,(2) 罰款後更換。,(3) 應重新參加測試及格後，始得重新申請執照。,(4) 直接使用舊執照。
(2),65,在業餘頻段內，144.000 至 144.100 MHz 主要分配給何種通訊方式？,(1) 調頻 (FM) 語音。,(2) 摩爾斯電報 (CW)。,(3) 電視。,(4) 業餘衛星下行。
(4),66,業餘電臺設置者對於電臺之機件設備，應負什麼責任？,(1) 僅負責開關機。,(2) 損壞時請政府維修。,(3) 隨意變更內部電路。,(4) 應經常維護，使其性能符合技術規範。
(1),67,業餘無線電人員通訊紀錄應記載哪些事項？,(1) 通信日期、時間、頻率、發射方式、對方呼號及通訊效果。,(2) 對方的性別。,(3) 當天的天氣。,(4) 對方的聯絡電話。
(3),68,業餘電臺之天線增益 (Gain) 是以什麼為參考基準？,(1) 木頭。,(2) 鐵棒。,(3) 半波偶極天線或各向同性天線。,(4) 避雷針。
(2),69,若業餘電臺發射功率超過多少瓦，必須進行電磁場強度之評估？,(1) 10 瓦。,(2) 依主管機關規定之功率限值（通常為 100 瓦以上）。,(3) 5 瓦。,(4) 1 瓦。
(4),70,下列何者不屬於業餘電臺？,(1) 個人電臺。,(2) 團體電臺。,(3) 臨時電臺。,(4) 警察無線電台。
(1),71,業餘無線電人員測試及格證明書的有效期限為何？,(1) 一年。,(2) 三年。,(3) 五年。,(4) 十年。
(3),72,業餘無線電人員之異動（如住址變更），應於幾日內申請變更？,(1) 7 日內。,(2) 15 日內。,(3) 30 日內。,(4) 不需要申請。
(2),73,「峰值包封功率 (PEP)」是指什麼？,(1) 最小發射功率。,(2) 在正常作業條件下，發射機在調變包封最高峰處一個射頻週期的平均功率。,(3) 電池的額定功率。,(4) 天線的損耗功率。
(4),74,業餘電臺於進行實驗通信時，應遵守什麼規定？,(1) 不得干擾其他合法電臺。,(2) 應在指配之頻段內進行。,(3) 應詳實記錄實驗結果。,(4) 以上皆是。
(1),75,業餘無線電管理辦法之主管機關為何？,(1) 國家通訊傳播委員會 (NCC)。,(2) 交通部。,(3) 內政部。,(4) 國防部。
(3),76,呼號為「BV2AA」，其中的「V」代表什麼意思？,(1) 勝利 (Victory)。,(2) 二等人員。,(3) 台灣地區業餘電臺之識別代字。,(4) 語音通訊。
(2),77,業餘電臺發射之頻率容許差度，主要是為了防止什麼？,(1) 省電。,(2) 防止干擾鄰近頻道。,(3) 增加通信距離。,(4) 美化聲音。
(4),78,關於「中繼電臺」，下列敘述何者正確？,(1) 用於轉發其他電臺之信號以擴大通信範圍。,(2) 應設於適當地點並由業餘人員管理。,(3) 需申請專門的電臺執照。,(4) 以上皆是。
(1),79,若發現他人擅自使用業餘頻率進行非業餘作業，應如何處理？,(1) 向主管機關舉報。,(2) 在頻道上與其爭論。,(3) 使用高功率壓制對方。,(4) 不予理會。
(3),80,二等業餘無線電人員在 14MHz 頻段可以使用的最大發射功率為何？,(1) 10 瓦。,(2) 100 瓦。,(3) 依執照核准之功率（通常最高 1000 瓦，視電臺等級而定）。,(4) 25 瓦。
(2),81,業餘無線電通訊中，使用「Q 碼」的主要目的是什麼？,(1) 作為祕密通訊。,(2) 縮短通訊時間並克服語言障礙。,(3) 測試機器。,(4) 增加通訊樂趣。
(4),82,業餘電臺執照遺失、損毀或執照資料變更時，應申請什麼？,(1) 撤銷執照。,(2) 重新測試。,(3) 罰鍰。,(4) 補發或換發。
(1),83,下列哪一種通訊不符合業餘無線電的定義？,(1) 幫公司傳遞業務訂單。,(2) 討論天線製作技術。,(3) 進行遠距離通訊實驗。,(4) 參與防救災演練通信。
(3),84,業餘電臺之天線高度，除應符合民航法規外，其支撐結構應如何處理？,(1) 必須塗成紅色。,(2) 隨意搭建即可。,(3) 應牢固並注意防雷。,(4) 必須超過 100 公尺。
(2),85,二等業餘人員若要申請一等人員測試，需具備什麼條件？,(1) 滿 18 歲。,(2) 設置二等業餘電臺滿一年以上。,(3) 學歷大學以上。,(4) 答對 40 題。
(4),86,「諧波發射」是屬於哪一種發射？,(1) 必要發射。,(2) 有益發射。,(3) 音樂發射。,(4) 混附發射的一種。
(1),87,業餘無線電人員在操作時，若因疏忽造成干擾，應採取什麼行動？,(1) 立即道歉並停止發射，找出原因。,(2) 裝作不知道。,(3) 加大功率把干擾蓋過去。,(4) 換一個沒人用的頻率。
(3),88,電臺呼號中的數字「0」通常保留給什麼用途？,(1) 總統府。,(2) 警察局。,(3) 臨時電臺或特殊紀念電臺。,(4) 初學者。
(2),89,申請業餘電臺執照時，所使用的無線電機必須符合什麼要求？,(1) 必須是日本製造。,(2) 必須經型式認證合格或審驗合格。,(3) 必須是二手的。,(4) 必須是體積最小的。
(4),90,業餘無線電通信作業，應遵守之優先順序為何？,(1) 隨到隨用。,(2) 功率大者優先。,(3) 職位高者優先。,(4) 遇有緊急通信時，應立即停止其他發射，先行讓其通話。
(1),91,業餘人員是否可以將執照借給他人使用？,(1) 絕對禁止。,(2) 只要是朋友就可以。,(3) 僅限收費使用。,(4) 只要對方也會操作就可以。
(3),92,「頻寬」的定義是指什麼？,(1) 電線的長度。,(2) 發射機的重量。,(3) 含有信息之發射所佔用之頻率範圍。,(4) 電池的容量。
(2),93,在 430MHz 頻段中，業餘業務與其他業務的關係為何？,(1) 業餘業務是唯一的使用者。,(2) 業餘業務為次要業務，不得干擾主要業務。,(3) 業餘業務是主要業務。,(4) 業餘業務完全不能使用。
(4),94,下列何者是正確的業餘無線電精神？,(1) 體諒。,(2) 忠誠。,(3) 進取。,(4) 以上皆是。
(1),95,二等業餘無線電人員測試中，「無線電規章」佔多少題？,(1) 15 題。,(2) 5 題。,(3) 30 題。,(4) 10 題。
(3),96,業餘電臺之呼號，其指配權屬於誰？,(1) 業餘無線電協會。,(2) 警察局。,(3) 國家通訊傳播委員會 (NCC)。,(4) 申請人自己決定。
(2),97,業餘無線電人員執照過期後繼續操作電臺，會受到什麼處罰？,(1) 沒有處罰。,(2) 依電信管理法裁處罰鍰。,(3) 沒收手機。,(4) 警告一次。
(4),98,無線電波的傳播速度大約是多少？,(1) 每秒 340 公尺。,(2) 每秒 100 公里。,(3) 每秒 1 萬公里。,(4) 每秒 30 萬公里。
(1),99,業餘電臺之識別呼號，在通訊結束時應如何處理？,(1) 應再次報明自己電臺呼號。,(2) 立即關機。,(3) 播放一段音樂。,(4) 報明自己的姓名。
(2),100,業餘無線電設備是否可以自行改裝？,(1) 絕對不可以。,(2) 可以在符合技術規範的前提下進行技術研究改裝，但須注意發射特性。,(3) 只要能收發就可以隨意改。,(4) 只有原廠技師可以。
(3),101,業餘無線電人員測試及格證明書遺失時，應向何處申請補發？,(1) 警察局。,(2) 鄉鎮公所。,(3) 原測試機關。,(4) 隨意找一個電臺。
(1),102,業餘電臺呼號之指配，若為團體電臺，其呼號第二字元通常為何？,(1) 代表等級之字母。,(2) 數字。,(3) 固定為 X。,(4) 固定為 Y。
(4),103,下列何種頻率為 1.8MHz 頻段？,(1) 1800-1850kHz。,(2) 1800-1900kHz。,(3) 1805-1815kHz。,(4) 1800-2000kHz。
(2),104,業餘無線電人員得利用業餘電臺進行何種通訊？,(1) 轉播廣播節目。,(2) 技術研究及自我學習之通訊。,(3) 代為傳遞商業廣告。,(4) 播放氣象報告。
(1),105,當業餘電臺遭受不明信號干擾時，應如何處理？,(1) 詳細記錄時間、頻率及干擾特徵並向主管機關反映。,(2) 以強大功率反擊。,(3) 在頻道上大聲責罵。,(4) 裝作沒看見。
(4),106,業餘電臺天線高度超過地平面 60 公尺者，其標識燈應符合什麼規定？,(1) 必須是綠色的。,(2) 必須是閃爍的音樂燈。,(3) 應依航空障礙物標誌及障礙燈效果標準設置。,(4) 只要夠亮就好。
(2),107,業餘無線電人員執照持有人之地址變更時，應如何處理？,(1) 不需處理。,(2) 應向主管機關辦理執照異動。,(3) 重新考試。,(4) 報廢執照。
(1),108,下列哪一個是 7MHz 頻段？,(1) 7.0-7.3MHz。,(2) 7.0-7.1MHz。,(3) 7.1-7.2MHz。,(4) 6.9-7.0MHz。
(3),109,業餘無線電人員是否可以操作未經申請核准之業餘電臺？,(1) 可以。,(2) 只要電臺主人同意就可以。,(3) 不可以，應操作領有電臺執照之電臺。,(4) 只有一等人員可以。
(2),110,業餘無線電人員在通訊時，是否可以使用自創代碼？,(1) 可以，增加通訊趣味。,(2) 不可以，應使用公開、易於識別之語文或碼。,(3) 只要對方聽得懂就可以。,(4) 只有在晚上可以使用。
(4),111,業餘無線電人員資格測試，每種等級的學科題目總數為何？,(1) 20 題。,(2) 30 題。,(3) 50 題。,(4) 40 題。
(1),112,關於二等業餘無線電人員之頻率使用，下列何者正確？,(1) 可使用管理辦法規定之各等級業餘頻段。,(2) 僅限使用 144MHz。,(3) 僅限使用 430MHz。,(4) 不能使用短波 (HF)。
(3),113,業餘電臺發射機之輸出功率，應以何種方式測定？,(1) 用體重計。,(2) 用溫度計。,(3) 使用射頻功率計配接假負載測定。,(4) 用電費單推算。
(2),114,業餘無線電人員執照有效期限屆滿前，應多久申請換發？,(1) 一個月。,(2) 屆滿前六個月起五個月內。,(3) 屆滿後一年內。,(4) 十年前。
(1),115,業餘電臺於通訊中，若要變更發射方式（如從語音改為數據），應遵守什麼規定？,(1) 應符合該頻段規定之發射方式。,(2) 隨意變更。,(3) 必須先向 NCC 報備。,(4) 只能在週日變更。
(4),116,下列何者為業餘無線電人員應有的素質？,(1) 體諒他人。,(2) 守法。,(3) 樂於助人。,(4) 以上皆是。
(2),117,業餘電臺發射之波束天線，若指向國外電臺，應如何處理？,(1) 只能指向美國。,(2) 應在允許進行國際業餘通訊的國家範圍內。,(3) 不限方向。,(4) 必須指向北方。
(1),118,業餘無線電管理辦法所稱之「業餘業務」，不包括下列何者？,(1) 營利性廣播。,(2) 放射電波以進行自我練習。,(3) 技術研究。,(4) 相互通信。
(3),119,申請設置業餘電臺時，若為行動式，應檢附什麼證明文件？,(1) 戶籍謄本。,(2) 駕照影本。,(3) 申請人業餘無線電人員執照影本。,(4) 學歷證明。
(4),120,業餘無線電人員應如何避免產生電磁干擾？,(1) 隨便連接地線。,(2) 加大發射功率。,(3) 使用不合規格之濾波器。,(4) 確保設備接地良好並使用必要之濾波設備。
(2),121,二等業餘人員在 21MHz 頻段可以使用的最大功率為？,(1) 10 瓦。,(2) 依其電臺執照核定功率。,(3) 1 瓦。,(4) 50 瓦。
(1),122,業餘電臺發射之信號，若造成鄰居電視干擾，應如何處理？,(1) 配合主管機關及鄰居找出干擾原因並改善。,(2) 否認是自己造成的。,(3) 叫鄰居不要看電視。,(4) 搬家。
(3),123,業餘電臺設置者變更時，應如何處理？,(1) 直接把執照給對方。,(2) 不需要處理。,(3) 應由新設置者重新申請設置。,(4) 重新測試。
(1),124,業餘電臺之呼號，由幾個部分組成？,(1) 前綴及後綴。,(2) 姓名及地址。,(3) 只有數字。,(4) 只有字母。
(2),125,下列何者為 50MHz 頻段之範圍？,(1) 50-51MHz。,(2) 50-54MHz。,(3) 49-50MHz。,(4) 50-60MHz。
(4),126,業餘無線電人員操作執照過期，未申請換發者，其執照效力為何？,(1) 永久有效。,(2) 自動展延一年。,(3) 減半使用。,(4) 失去效力，不得操作。
(1),127,二等業餘無線電人員可操作之電臺類別？,(1) 固定式或行動式。,(2) 僅限固定式。,(3) 僅限行動式。,(4) 僅限手持式。
(3),128,業餘電臺是否可以連接到網際網路進行語音轉接 (如 EchoLink)？,(1) 絕對禁止。,(2) 只要不收錢就可以。,(3) 應符合主管機關對於網際網路介接之規定。,(4) 只有國外可以。
(2),129,關於「呼叫頻率」之使用，下列何者正確？,(1) 可以長期佔用聊天。,(2) 用於呼叫及建立聯絡，建立聯絡後應立即移往其他頻率。,(3) 用於播放音樂。,(4) 用於商業廣告。
(1),130,業餘無線電人員在國外操作時，應遵守什麼？,(1) 該國相關法令及雙邊協議。,(2) 只要遵守台灣法令即可。,(3) 隨意操作。,(4) 該國法律不適用於業餘人員。
(4),131,業餘電臺執照應記載事項，若有變更，應於何時辦理？,(1) 一年後。,(2) 下次換照時。,(3) 不需要辦理。,(4) 發生變更之日起三十日內辦理異動申請。
(3),132,二等業餘人員之測試題目中，「無線電系統原理」佔多少題？,(1) 5 題。,(2) 20 題。,(3) 10 題。,(4) 15 題。
(2),133,業餘電臺之發射機，其頻率穩定度應達到什麼要求？,(1) 完全不飄移。,(2) 符合技術規範規定之容許差度。,(3) 只要能收到就好。,(4) 由製造商決定。
(1),134,業餘電臺天線支撐結構之設計應考慮什麼？,(1) 風壓、地震力及安全性。,(2) 顏色是否好看。,(3) 越便宜越好。,(4) 隨便用細線吊掛。
(4),135,業餘無線電人員在測試時，若有作弊行為，會如何處理？,(1) 警告一次。,(2) 沒收手機。,(3) 重新測試。,(4) 測試成績無效，並可能限制一定期間內不得參加測試。
(3),136,下列何者非業餘無線電之通訊對象？,(1) 其他業餘人員。,(2) 業餘中繼站。,(3) 計程車電台。,(4) 業餘衛星。
(2),137,業餘人員於電臺作業時，發現受干擾應採取的適當行動為何？,(1) 加大功率。,(2) 避開受干擾頻率或採取濾波措施。,(3) 投訴電力公司。,(4) 停止所有無線電興趣。
(1),138,業餘電臺之識別呼號，若為二等人員，其數字通常為何？,(1) 依所在地劃分之數字（0-9）。,(2) 只有 2。,(3) 只有 1。,(4) 隨機生成。
(4),139,業餘無線電通訊中，報時應以何種時區為準？,(1) 台北時間。,(2) 美國時間。,(3) 格林威治標準時間 (UTC) 或當地時間。,(4) 以上皆可，但通常國際通訊使用 UTC。
(2),140,「業餘衛星業務」主要使用哪些頻段？,(1) 中波頻段。,(2) 專為業餘衛星分配之超高頻 (UHF) 或極高頻 (VHF) 頻段。,(3) 長波頻段。,(4) 電視頻段。
(1),141,業餘無線電人員執照持有人死亡後，其執照應如何處理？,(1) 註銷或由繼承人依規定處理。,(2) 傳給兒子。,(3) 繼續有效。,(4) 扔掉。
(3),142,二等業餘無線電人員是否可以使用 28MHz 頻段？,(1) 不可以。,(2) 僅限週末。,(3) 可以。,(4) 只有白天可以。
(4),143,業餘電臺執照持有人遷移地址，逾期未申報異動，會受到什麼處分？,(1) 拘留。,(2) 沒收財產。,(3) 沒有處分。,(4) 罰鍰並責令限期改善。
(2),144,業餘電臺天線是否可以安裝在公共電桿上？,(1) 可以。,(2) 不可以，應有獨立支撐結構或經產權所有人同意之合法建物。,(3) 只要沒人看到就可以。,(4) 只有警察可以。
(1),145,「寄生發射」是指什麼？,(1) 於必需頻帶寬度外之頻率產生的不必要輻射。,(2) 正常的諧波。,(3) 對方電臺傳來的干擾。,(4) 收音機的聲音。
(3),146,二等業餘人員在 144-146MHz 頻段可使用的發射功率為何？,(1) 1 瓦。,(2) 10 瓦。,(3) 依執照核准（最高不超過 100 瓦）。,(4) 5 瓦。
(4),147,業餘無線電通訊紀錄應如何備查？,(1) 放在保險箱。,(2) 燒毀。,(3) 定期寄給 NCC。,(4) 應妥善保存一年，供主管機關隨時查驗。
(2),148,業餘電臺之發射頻率若偏離指配頻段，會造成什麼後果？,(1) 省電。,(2) 干擾其他合法業務並違反規章。,(3) 通訊變清楚。,(4) 沒影響。
(1),149,二等業餘無線電人員參加資格測試之規費，依何種規定收取？,(1) 規費法及主管機關公告之收費標準。,(2) 自由樂捐。,(3) 免費。,(4) 每題 100 元。
(3),150,業餘無線電人員是否可以利用電臺傳送加密（加密碼）之信息？,(1) 可以。,(2) 為了保密可以。,(3) 不得傳送足以隱蔽通訊內容之加密信息。,(4) 只有高級人員可以。
(4),151,下列何者屬於業餘無線電管理之範疇？,(1) 頻率分配。,(2) 呼號指配。,(3) 電臺設備技術規範。,(4) 以上皆是。
(2),152,業餘電臺之天線增益與發射功率之乘積，稱為？,(1) 總功率。,(2) 有效輻射功率 (ERP)。,(3) 消耗功率。,(4) 假負載。
(1),153,業餘無線電人員測試時，應攜帶什麼證件？,(1) 國民身分證。,(2) 圖書館證。,(3) 學生證。,(4) 信用卡。
(3),154,業餘電臺呼號前綴為「BU」代表什麼等級？,(1) 一等。,(2) 二等。,(3) 三等。,(4) 臨時電臺。
(4),155,業餘電臺設置者對於鄰近居民之健康，應注意什麼？,(1) 不用理會。,(2) 盡量吵鬧。,(3) 增加功率。,(4) 符合電磁波輻射安全相關標準。
(2),156,二等業餘無線電人員之測試科目中，「電磁相容性技術」佔多少題？,(1) 10 題。,(2) 2 題。,(3) 5 題。,(4) 8 題。
(1),157,業餘無線電人員通訊紀錄若使用電子檔紀錄，是否符合規定？,(1) 符合，但應隨時可列印或供查閱。,(2) 不符合。,(3) 必須手寫。,(4) 必須刻在石頭上。
(3),158,業餘中繼電臺之設置，應由何種單位申請？,(1) 個人。,(2) 公司。,(3) 業餘無線電團體。,(4) 學校。
(4),159,業餘電臺發射之信號若產生嚴重干擾，主管機關得採取什麼行動？,(1) 責令停止使用。,(2) 限制發射時間。,(3) 廢止執照。,(4) 以上皆是。
(2),160,業餘無線電人員是否可以協助政府進行災害防救通訊？,(1) 不可以。,(2) 可以，且應優先處理緊急通信。,(3) 必須收費才做。,(4) 只有軍人才可以。
(1),161,「業餘無線電管理辦法」的法源依據為何？,(1) 電信管理法。,(2) 刑法。,(3) 民法。,(4) 道路交通管理處罰條例。
(3),162,二等業餘人員是否可以操作 10GHz 以上的頻段？,(1) 不可以。,(2) 僅限三等人員。,(3) 可以，依規定之業餘頻段。,(4) 必須一等才行。
(2),163,業餘電臺之發射頻率，若使用 F3E 模式，是指？,(1) 摩爾斯碼。,(2) 調頻 (FM) 語音。,(3) 調幅 (AM) 語音。,(4) 數位數據。
(4),164,業餘無線電人員更換新的無線電機設備，應如何辦理？,(1) 直接換掉。,(2) 偷偷換。,(3) 報廢舊機。,(4) 申請變更登記並經審驗合格。
(1),165,業餘無線電通訊中，若要轉送氣象預報資訊，應遵守什麼？,(1) 應註明資訊來源且不得用於營利。,(2) 隨便轉送。,(3) 必須自己測量。,(4) 只有氣象局人員可以。
(3),166,業餘電臺之識別呼號指配後，多久可以使用？,(1) 一年後。,(2) 測試完立即使用。,(3) 取得電臺執照後始得使用。,(4) 買了機器就用。
(2),167,業餘人員參加較高等級測試不及格時，其原領執照是否受影響？,(1) 廢止。,(2) 不受影響，繼續有效。,(3) 降級。,(4) 罰款。
(4),168,業餘無線電管理辦法規定的「團體」，是指？,(1) 互助會。,(2) 幫派。,(3) 公司。,(4) 依法設立之業餘無線電推廣相關人民團體。
(1),169,業餘電臺之機件故障，導致頻率偏移，應？,(1) 立即修復或停止使用。,(2) 繼續撐著用。,(3) 提高發射功率。,(4) 換一條天線。
(3),170,業餘無線電人員在通訊時，應保持什麼態度？,(1) 高傲。,(2) 無禮。,(3) 謙讓及禮貌。,(4) 沈默。
(2),171,業餘電臺是否可以與外國業餘電臺通訊？,(1) 禁止。,(2) 除非該國政府明文禁止。,(3) 只有過年可以。,(4) 必須先申請出國。
(1),172,二等業餘人員測試及格後，應於幾日內申請領照？,(1) 依測試單位規定或一年內。,(2) 十年。,(3) 五天。,(4) 當天。
(4),173,業餘電臺之天線結構，若位於機場週邊，應符合什麼？,(1) 越多燈越好。,(2) 顏色鮮艷。,(3) 越高越好。,(4) 民用航空法關於建築物及障礙物之高度限制。
(2),174,業餘電臺發射之「單側波帶 (SSB)」屬於哪種調變？,(1) 調頻。,(2) 調幅的變體。,(3) 數位。,(4) 脈衝。
(3),175,業餘無線電人員執照持有人之姓名變更時，應？,(1) 重新考試。,(2) 沒關係。,(3) 辦理執照更名換發。,(4) 改回原名。
(1),176,二等業餘人員在 3.5MHz 頻段之發射功率限制為何？,(1) 依其電臺執照載明。,(2) 1 瓦。,(3) 10 瓦。,(4) 25 瓦。
(4),177,業餘無線電愛好者被稱為「Ham」的原因之一是？,(1) 喜歡吃火腿。,(2) 跑得慢。,(3) 很大聲。,(4) 早期的歷史淵源與傳統稱呼。
(2),178,業餘電臺通訊紀錄中的「時間」建議使用？,(1) 鬧鐘時間。,(2) 24 小時制。,(3) 12 小時制。,(4) 沙漏。
(3),179,業餘無線電管理辦法規定，業餘電臺之輸出功率不得超過多少瓦？,(1) 100 瓦。,(2) 500 瓦。,(3) 1000 瓦。,(4) 5000 瓦。
(1),180,業餘人員是否可以自行製作無線電發射機？,(1) 可以，但需符合技術規範並申請審驗合格始得使用。,(2) 絕對不可以。,(3) 隨便做隨便用。,(4) 只有工廠可以。
(4),181,業餘電臺識別呼號之分配，一個電臺可以有幾個呼號？,(1) 三個。,(2) 十個。,(3) 無數個。,(4) 一個。
(2),182,業餘無線電測試中，「無線電相關安全防護」佔多少題？,(1) 5 題。,(2) 2 題。,(3) 10 題。,(4) 1 題。
(3),183,業餘電臺之作業場所應具備什麼安全設施？,(1) 電視機。,(2) 沙發。,(3) 適當之接地及滅火設備。,(4) 音響。
(1),184,業餘人員若違反管理辦法，情節輕微者，主管機關會先？,(1) 警告並令限期改善。,(2) 直接關進監牢。,(3) 沒收財產。,(4) 吊銷執照。
(4),185,二等業餘人員是否可以操作 18MHz 頻段？,(1) 不可以。,(2) 僅限一等。,(3) 僅限三等。,(4) 可以。
(2),186,業餘無線電通訊中，報呼號的頻率為何？,(1) 每一秒報一次。,(2) 通信開始及結束時，以及每隔十分鐘（或通訊中約三十鐘）。,(3) 只要報一次。,(4) 從不報。
(3),187,業餘電臺是否可以作為商業備用通信？,(1) 可以。,(2) 只要付錢就可以。,(3) 不可以。,(4) 只有週一可以。
(1),188,二等業餘無線電人員之測試學科題庫，共約多少題？,(1) 600 多題。,(2) 100 題。,(3) 1000 題。,(4) 50 題。
(4),189,業餘電臺發射之波束若掃描天空，應避免干擾什麼？,(1) 雲朵。,(2) 太陽。,(3) 月亮。,(4) 航空雷達及其他合法通信。
(2),190,業餘無線電人員執照過期，但在換照期間內，是否可以操作？,(1) 不可以。,(2) 可以，已提出申請換發者視同有效。,(3) 只能接收。,(4) 只能低功率。
(1),191,「業餘電臺執照」應置於何處？,(1) 設置地點之明顯處或隨身攜帶（行動式）。,(2) 保險箱。,(3) 公司。,(4) 銀行。
(3),192,業餘電臺呼號中的數字「1」代表？,(1) 台北市。,(2) 台中市。,(3) 桃園市、新竹縣、新竹市。,(4) 高雄市。
(4),193,二等業餘人員可使用的發射功率，最大可達多少瓦（依執照核定）？,(1) 25 瓦。,(2) 50 瓦。,(3) 100 瓦。,(4) 高功率電臺可達 1000 瓦。
(2),194,業餘無線電人員測試及格證明書，若遺失如何申請？,(1) 報警。,(2) 檢具申請書向原測試單位申請補發。,(3) 重新測試。,(4) 不用補發。
(1),195,業餘電臺之天線增益，若使用 dBi 為單位，是指相對於？,(1) 各向同性天線。,(2) 半波偶極天線。,(3) 避雷針。,(4) 地面。
(3),196,業餘無線電人員是否可以協助轉發新聞？,(1) 可以。,(2) 只要好玩就可以。,(3) 禁止。,(4) 只有一等人員可以。
(4),197,二等業餘人員之測試科目中，「射頻干擾的預防與排除」佔多少題？,(1) 5 題。,(2) 10 題。,(3) 15 題。,(4) 1 題。
(2),198,業餘電臺之識別呼號，若第二字元為數字，通常代表？,(1) 電臺等級。,(2) 所在地。,(3) 機器數量。,(4) 使用頻率。
(1),199,業餘電臺是否可以播放音樂或影片？,(1) 嚴禁播放。,(2) 只要不吵到人。,(3) 只有週日。,(4) 只有自己聽。
(3),200,業餘無線電人員之操作權限，若為二等，可操作之最高頻率？,(1) 只有 430MHz。,(2) 只有 144MHz。,(3) 依規定之所有業餘頻段。,(4) 只有 1.8MHz。
(2),201,業餘電臺之發射機若非型式認證，應如何申請執照？,(1) 不能申請。,(2) 檢附技術規格資料經審驗合格。,(3) 直接使用。,(4) 偷偷用。
(4),202,業餘電臺通訊時，應避免使用什麼語句？,(1) 你好。,(2) 謝謝。,(3) 請。,(4) 粗俗、不雅或具人身攻擊之語句。
(1),203,業餘無線電管理辦法所稱「行動式業餘電臺」，不包括？,(1) 設置於固定建築物內之電臺。,(2) 手持式電臺。,(3) 車載式電臺。,(4) 船載式業餘電臺。
(3),204,業餘電臺執照之更換规費是多少？,(1) 免費。,(2) 100 元。,(3) 依主管機關公告之標準。,(4) 1000 元。
(2),205,二等業餘人員在 50MHz 頻段最大輸出功率？,(1) 5 瓦。,(2) 依執照（最高可達 100 瓦以上，視等級而定）。,(3) 1 瓦。,(4) 10 瓦。
(4),206,業餘電臺呼號前綴「BX」代表？,(1) 特殊電臺。,(2) 團體電臺。,(3) 外籍人員電臺。,(4) 二等業餘人員。
(1),207,業餘人員測試及格證明，逾期一年未領執照？,(1) 該及格證明失效。,(2) 繼續有效。,(3) 自動領執照。,(4) 寄給 NCC。
(3),208,業餘中繼電臺之呼號特徵為何？,(1) 只有數字。,(2) 隨意取。,(3) 第三字元通常為特定數字如「0」。,(4) 沒有呼號。
(2),209,業餘電臺發射之信號強度，在居民經常出入處應符合？,(1) 越高越好。,(2) 電磁波輻射安全標準限制值。,(3) 沒規定。,(4) 100 瓦。
(4),210,二等業餘無線電人員在測試中，「摩爾斯碼」的規定為何？,(1) 必須測試每分鐘 50 字。,(2) 必須測試每分鐘 20 字。,(3) 目前二等測試已取消摩爾斯碼術科測試。,(4) 依現行法規已不強制術科測試，但學科包含原理。
(1),211,業餘人員通訊紀錄若有錯誤，應？,(1) 劃線修正並簽署，或重新輸入。,(2) 用立可帶塗掉。,(3) 撕毀那一頁。,(4) 裝作沒錯。
(2),212,業餘電臺之天線結構應距高壓電源線多少距離？,(1) 1 公尺。,(2) 安全距離，防止天線倒塌時觸及高壓線。,(3) 沒限制。,(4) 100 公尺。
(3),213,業餘無線電人員執照之換領，應向哪個單位提出申請？,(1) 鄉鎮公所。,(2) 交通部。,(3) 國家通訊傳播委員會 (NCC) 各區監理處。,(4) 警察局。
(4),214,下列何者為業餘無線電作業之終極目標？,(1) 賺大錢。,(2) 認識女朋友。,(3) 打發時間。,(4) 增進無線電技術研究、國際友誼及應急通訊支援。
(2),215,在業餘無線電通訊中，使用「Q 碼」的主要目的是什麼？,(1) 作為祕密通訊,(2) 縮短通訊時間並克服語言障礙,(3) 測試機器性能,(4) 增加通訊樂趣
(3),216,Q 碼「QTH」代表什麼意義？,(1) 你的電臺位置在哪裡？,(2) 我現在正忙碌中,(3) 我的位置在…,(4) 請更換頻率
(1),217,當你想詢問對方「你的姓名為何？」時，應使用哪個 Q 碼？,(1) QRZ?,(2) QSL?,(3) QTH?,(4) QRM?
(4),218,Q 碼「QSL」在通訊中的含義為何？,(1) 我有干擾,(2) 你的訊號很強,(3) 請重複一次,(4) 我確認收到（或請給予確認）
(2),219,在通訊時，若受到其他電臺的干擾，應使用哪個 Q 碼？,(1) QRN,(2) QRM,(3) QRP,(4) QRS
(1),220,Q 碼「QRN」代表什麼樣的干擾？,(1) 天電或自然雜訊干擾,(2) 人為機器干擾,(3) 鄰頻干擾,(4) 語音干擾
(3),221,當你需要對方「減慢發報速度」時，應使用哪個 Q 碼？,(1) QRP,(2) QRL,(3) QRS,(4) QRV
(2),222,Q 碼「QRP」代表什麼意義？,(1) 增加電力,(2) 降低發射功率,(3) 準備通訊,(4) 停止通訊
(4),223,當對方問你「QRV?」時，他的意思是？,(1) 你的頻率偏移了,(2) 你的聲音很小,(3) 你可以降低功率嗎？,(4) 你準備好了嗎？
(1),224,在語音通訊中，代表數字「0」的國際民航組織 (ICAO) 拼音字元為何？,(1) Zero,(2) Nadazero,(3) Nada,(4) Oh
(3),225,在國際通訊拼音字母中，字母「A」的讀法為何？,(1) Able,(2) Apple,(3) Alpha,(4) Alice
(2),226,字母「B」在國際通訊拼音字母中的讀法為何？,(1) Blue,(2) Bravo,(3) Baker,(4) Boy
(4),227,字母「C」在國際通訊拼音字母中的讀法為何？,(1) Cat,(2) Center,(3) China,(4) Charlie
(1),228,字母「D」在國際通訊拼音字母中的讀法為何？,(1) Delta,(2) Dog,(3) David,(4) Date
(3),229,字母「R」在國際通訊拼音字母中的讀法為何？,(1) Roger,(2) Radio,(3) Romeo,(4) Robert
(2),230,字母「S」在國際通訊拼音字母中的讀法為何？,(1) Sugar,(2) Sierra,(3) Seven,(4) Sun
(4),231,字母「V」在國際通訊拼音字母中的讀法為何？,(1) Victory,(2) Video,(3) Violet,(4) Victor
(1),232,字母「Z」在國際通訊拼音字母中的讀法為何？,(1) Zulu,(2) Zebra,(3) Zero,(4) Zoo
(2),233,在摩爾斯電碼通訊中，英文字母「A」的組成方式為何？,(1) 噠滴,(2) 滴噠,(3) 滴滴噠,(4) 噠噠滴
(4),234,摩爾斯電碼中，哪一個字母只有一個「滴 (Dit)」？,(1) T,(2) A,(3) I,(4) E
(1),235,摩爾斯電碼中，哪一個字母只有一個「噠 (Dah)」？,(1) T,(2) M,(3) E,(4) O
(3),236,在摩爾斯電碼中，「SOS」的組成訊號為何？,(1) 噠噠噠 滴滴滴 噠噠噠,(2) 滴滴 噠噠 滴滴,(3) 滴滴滴 噠噠噠 滴滴滴,(4) 噠滴噠 滴噠滴 噠滴噠
(2),237,通訊紀錄中的「RST」指標，「R」代表什麼？,(1) 頻率 (Range),(2) 可辨識度 (Readability),(3) 距離 (Remote),(4) 穩定度 (Reliability)
(4),238,通訊紀錄中的「RST」指標，「S」代表什麼？,(1) 速度 (Speed),(2) 穩定度 (Stability),(3) 距離 (Space),(4) 訊號強度 (Signal Strength)
(1),239,通訊紀錄中的「RST」指標，「T」代表什麼？,(1) 音質 (Tone),(2) 時間 (Time),(3) 溫度 (Temperature),(4) 發射 (Transmit)
(3),240,RST 報告中，「R」的評等範圍是多少？,(1) 1 到 9,(2) 1 到 3,(3) 1 到 5,(4) 0 到 10
(4),241,RST 報告中，「S」的評等範圍是多少？,(1) 1 到 5,(2) 0 到 5,(3) 1 到 10,(4) 1 到 9
(2),242,一份完美的語音通訊 RST 報告通常會說是？,(1) 999,(2) 59,(3) 599,(4) 11
(3),243,在摩爾斯電碼 (CW) 通訊中，一份完美的 RST 報告是？,(1) 59,(2) 555,(3) 599,(4) 99
(1),244,通訊結束後，雙方交換的確認卡片稱為什麼？,(1) QSL 卡,(2) QTH 卡,(3) QRZ 卡,(4) SOS 卡
(2),245,使用單側波帶 (SSB) 通訊時，通常在 14MHz 以上頻段使用哪種側帶？,(1) 下側帶 (LSB),(2) 上側帶 (USB),(3) 雙側帶 (DSB),(4) 載波 (Carrier)
(4),246,使用單側波帶 (SSB) 通訊時，通常在 7MHz 以下頻段使用哪種側帶？,(1) 上側帶 (USB),(2) 雙側帶 (DSB),(3) 載波 (Carrier),(4) 下側帶 (LSB)
(1),247,在 VHF 頻段進行 FM 通訊時，頻偏 (Frequency Deviation) 通常是多少？,(1) 5kHz,(2) 10kHz,(3) 25kHz,(4) 100kHz
(3),248,什麼是「中繼站偏移頻率 (Repeater Offset)」？,(1) 聲音的頻率,(2) 接收與發射頻率的總和,(3) 接收頻率與發射頻率之間的差值,(4) 電池的電壓
(2),249,在台灣，144MHz 頻段的中繼站標準偏移頻率通常是多少？,(1) +0.6MHz,(2) -0.6MHz,(3) -5.0MHz,(4) +5.0MHz
(4),250,在台灣，430MHz 頻段的中繼站標準偏移頻率通常是多少？,(1) -0.6MHz,(2) +0.6MHz,(3) -1.6MHz,(4) -5.0MHz
(1),251,為什麼有些中繼站需要設定「CTCSS」或「PL Tone」？,(1) 為了減少其他雜訊或干擾誤開啟中繼站,(2) 為了增加發射功率,(3) 為了加密通話內容,(4) 為了省電
(3),252,什麼是「單工通訊 (Simplex)」？,(1) 透過中繼站通訊,(2) 使用兩個不同的頻率通訊,(3) 雙方使用同一個頻率直接通訊,(4) 只聽不說
(2),253,當你聽到有人呼叫「CQ」時，代表什麼意思？,(1) 緊急求救,(2) 廣泛呼叫，尋求與任何電臺建立聯絡,(3) 要求停止發射,(4) 機器故障
(4),254,在語音通訊中，如何正確回應 CQ 呼叫？,(1) 直接大聲喊對方的名字,(2) 只報出自己的名字,(3) 連續吹口哨,(4) 報出對方的呼號兩次，再報出自己的呼號兩次
(1),255,當你在 145.000MHz 聽到緊急救難呼叫時，應如何處理？,(1) 停止通訊，仔細監聽並在必要時提供協助,(2) 加大功率蓋過他,(3) 立即關機,(4) 切換到 433MHz 繼續聊天
(3),256,「VOX」功能在無線電機中代表什麼？,(1) 調整音量,(2) 調整頻率,(3) 聲控發射,(4) 電源開關
(2),257,在 CW 通訊中，一個「噠 (Dah)」的長度等於幾個「滴 (Dit)」？,(1) 二個,(2) 三個,(3) 四個,(4) 五個
(4),258,在 CW 通訊中，字母與字母之間的間隔長度為何？,(1) 一個滴,(2) 二個滴,(3) 三個滴,(4) 四個滴
(1),259,無線電波在自由空間傳播時，功率隨距離增加而？,(1) 減弱,(2) 增強,(3) 不變,(4) 消失
(2),260,下列哪種頻段最容易受到電離層反射而達成遠距離通訊？,(1) 超高頻 (UHF),(2) 高頻 (HF),(3) 極高頻 (VHF),(4) 微波
(3),261,什麼是「跳越距離 (Skip Distance)」？,(1) 走路的距離,(2) 兩台收音機的距離,(3) 電波經電離層一次反射後回到地面的最短距離,(4) 天線的高度
(4),262,當太陽黑子活動劇烈時，對短波通訊有何影響？,(1) 通訊完全中斷,(2) 毫無影響,(3) 只能使用 VHF,(4) 通常有利於遠距離通訊
(1),263,「UTC」時間與台灣時間相差幾個小時？,(1) 台灣時間比 UTC 早 8 小時,(2) 台灣時間比 UTC 晚 8 小時,(3) 沒有差別,(4) 差 12 小時
(2),264,在通訊紀錄中，日期通常以什麼格式書寫最不容易混淆？,(1) 月/日/年,(2) 年/月/日 或 01-Jan-2024,(3) 日/月/年,(4) 星期幾
(3),265,當對方對你說「73」時，這在業餘無線電通訊中代表什麼？,(1) 發生緊急狀況,(2) 你的訊號有雜音,(3) 最好的祝福（常用於結束通訊）,(4) 請求更換頻率
(1),266,在短波 (HF) 通訊中，「QSY」代表什麼意義？,(1) 變更頻率作業,(2) 請求重複通訊,(3) 訊號逐漸消失,(4) 準備發射
(4),267,當你在中繼站聽到「Break」或「Break Break」時，通常代表？,(1) 機器壞了,(2) 休息時間,(3) 通訊結束,(4) 有緊急事件或第三方需要插入通訊
(2),268,「QRP」通訊通常是指發射功率低於多少瓦的作業？,(1) 1 瓦,(2) 5 瓦（語音）或 5 瓦（CW）,(3) 50 瓦,(4) 100 瓦
(1),269,在進行長距離 (DX) 通訊時，若對方說「Up 5」，代表他希望你在哪裡發射？,(1) 在他的接收頻率往上 5kHz 的地方,(2) 在他的接收頻率往下 5kHz 的地方,(3) 在 5 分鐘後發射,(4) 增加 5 瓦功率
(3),270,Q 碼「QRV」的意思是？,(1) 你的訊號正在衰減,(2) 我正在受干擾,(3) 我已準備就緒,(4) 請停止發射
(2),271,「Split」作業模式是指？,(1) 將天線拆成兩半,(2) 接收與發射使用不同的頻率,(3) 兩個人同時說話,(4) 使用兩種不同的調變方式
(4),272,在 CW 通訊中，「K」字放在語句末尾代表？,(1) 結束通訊並關機,(2) 收到,(3) 錯誤,(4) 邀請任何電臺回答（請回答）
(1),273,在 CW 通訊中，「AR」字放在語句末尾代表？,(1) 訊息結束,(2) 請求重複,(3) 暫停,(4) 發生火警
(3),274,在語音通訊中，代表數字「9」的拼音字元通常讀作？,(1) Nine,(2) Niner,(3) Nine-nine,(4) Noda
(2),275,當你呼叫「CQ DX」時，你希望誰回答你？,(1) 本地的電臺,(2) 遠距離（國外）的電臺,(3) 正在進行比賽的電臺,(4) 任何人都可以
(4),276,Q 碼「QRZ?」代表什麼意思？,(1) 誰在呼叫我？,(2) 你的位置在哪？,(3) 你的功率多少？,(4) 結束通訊
(1),277,在業餘無線電中，「Pile-up」是指什麼情況？,(1) 許多電臺同時呼叫同一個目標電臺,(2) 機器過熱,(3) 電線纏繞,(4) 訊號太強導致失真
(3),278,什麼是「假負載 (Dummy Load)」的主要用途？,(1) 增加發射距離,(2) 測量電池電壓,(3) 在不輻射無線電波的情況下測試發射機功能,(4) 裝飾電臺
(2),279,「SWR」代表什麼？,(1) 訊號波長比,(2) 駐波比,(3) 短波接收機,(4) 穩定電壓調節器
(4),280,當 SWR 指標過高時，可能會導致什麼問題？,(1) 發射效率提高,(2) 電量增加,(3) 聲音變好聽,(4) 損壞發射機的功率放大組件
(1),281,「QSO」在業餘無線電中的意思是？,(1) 一次成功的聯絡通訊,(2) 太陽黑子,(3) 天線的接頭,(4) 雜訊
(2),282,在 VHF 通訊中，「多路徑反射 (Multipath)」會導致什麼現象？,(1) 訊號變強,(2) 訊號產生快速的衰落或失真（柵欄效應）,(3) 頻率變高,(4) 省電
(3),283,Q 碼「QRX」的意思是？,(1) 你的訊號很美,(2) 結束聯絡,(3) 請稍候（等待）,(4) 正在檢查機器
(4),284,在進行移動通訊（如車載）時，報明呼號後加上「Mobile」或「/M」代表？,(1) 我正在睡覺,(2) 我的機器是新的,(3) 我正在使用手機通訊,(4) 我正在移動中作業
(1),285,拼音字母「F」的讀法為何？,(1) Foxtrot,(2) Fish,(3) Flower,(4) France
(2),286,拼音字母「H」的讀法為何？,(1) Hello,(2) Hotel,(3) Horse,(4) Henry
(3),287,拼音字母「L」的讀法為何？,(1) Love,(2) London,(3) Lima,(4) Lemon
(4),288,拼音字母「Q」的讀法為何？,(1) Question,(2) Queen,(3) Quick,(4) Quebec
(2),289,當你完成一段話並交還給對方時，語音通訊中常說？,(1) Roger,(2) Over,(3) Goodbye,(4) Hello
(1),290,Q 碼「QRL?」的意思是？,(1) 你正忙碌中嗎？（或此頻率有人使用嗎？）,(2) 你的音量可以大一點嗎？,(3) 你的頻率很準,(4) 請離開
(3),291,在摩爾斯電碼中，「BT」 (— · · · —) 通常用作？,(1) 呼號前綴,(2) 結束符號,(3) 段落分隔符號,(4) 緊急求救
(4),292,關於「中繼站 (Repeater)」的敘述，何者錯誤？,(1) 它可以擴大通訊範圍,(2) 通常設在高處,(3) 它會同時接收並重新發射信號,(4) 它只能用於 CW 通訊
(2),293,當對方給你的 RST 報告是「59+20dB」時，代表？,(1) 訊號很弱,(2) 訊號極強（超過滿刻度 20 分貝）,(3) 有嚴重的干擾,(4) 音質很差
(1),294,在業餘無線電比賽 (Contest) 中，最常交換的訊息不包括？,(1) 晚餐內容,(2) RST 報告,(3) 序號 (Serial Number),(4) 所在地代號
(3),295,Q 碼「QSB」代表什麼現象？,(1) 頻率偏移,(2) 電源不足,(3) 訊號衰落 (Fading),(4) 機器過熱
(4),296,在 144MHz 進行通訊時，水平極化天線與垂直極化天線通訊會產生？,(1) 更好的效果,(2) 沒有影響,(3) 頻率自動加倍,(4) 極化損失（訊號大幅衰減）
(2),297,什麼是「雙工器 (Duplexer)」在個別電臺或中繼站的作用？,(1) 同時連接兩台電視,(2) 允許使用同一支天線同時進行接收與發射,(3) 增加電池壽命,(4) 改變語音音調
(1),298,在 CW 通訊中，呼叫「CQ」三次後應接上？,(1) 「DE」加上自己的呼號,(2) 自己的姓名,(3) 對方的呼號,(4) 謝謝
(3),299,通訊紀錄 (Log) 必須包含的基本資料為何？,(1) 雙方的體重,(2) 對方的學歷,(3) 日期、時間、頻率、模式及對方呼號,(4) 當天的股價
(4),300,語音通訊中，「Roger」代表的意思是？,(1) 我同意你的觀點,(2) 我的名字叫 Roger,(3) 結束通訊,(4) 我已完全接收到你剛才傳送的信息
(2),301,當你在通訊中需要暫時離開一下（約一分鐘），應說什麼？,(1) QSL,(2) Stand by 或 QRX,(3) SOS,(4) 73
(1),302,在國際通訊中，使用拼音字母（如 Alpha, Bravo）的主要目的是？,(1) 避免因發音相似或干擾導致的字元誤判,(2) 增加通訊的困難度,(3) 練習英文,(4) 縮短通訊時間
(3),303,在 VHF 頻段中，145.000 MHz 的主要用途通常是？,(1) 聊天專用,(2) 比賽專用,(3) 呼叫及緊急求難頻率,(4) 播放音樂
(2),304,「QSO」結束後，說「Clear」代表？,(1) 天氣晴朗,(2) 我已結束在此頻率的作業，此頻率現在淨空,(3) 聲音很清晰,(4) 請求清潔機器
(4),305,Q 碼「QRO」的意思是？,(1) 關機,(2) 降低功率,(3) 請求確認,(4) 增加發射功率
(1),306,在短波通訊中，當傳播路徑跨越越極區時，可能會產生什麼現象？,(1) 極光顫動 (Aurora flutter),(2) 訊號變強,(3) 沒有雜音,(4) 通訊變簡單
(3),307,什麼是「跨頻作業 (Cross-band)」？,(1) 在同一個頻段內通訊,(2) 在家中使用不同的天線,(3) 接收使用一個頻段，發射使用另一個頻段（如 V/U 跨頻）,(4) 兩人交換電台使用
(2),308,當對方給你的報告是「R3 S5」時，這意味著？,(1) 訊號非常清晰,(2) 訊號可以辨識但有困難，強度中等,(3) 訊號完全聽不見,(4) 你的機器壞了
(4),309,在業餘無線電通訊中，「Break-in」作業通常是指？,(1) 強行插入通話,(2) 機器爆炸,(3) 竊聽通訊,(4) 在 CW 通訊中，發報間隙可以聽到接收訊號的作業方式
(1),310,Q 碼「QSP」的意思是？,(1) 請求中轉（轉發）信息,(2) 請求停止,(3) 詢問時間,(4) 增加速度
(2),311,在語音通訊中，「Mayday」代表什麼？,(1) 五月天,(2) 國際求救信號，表示生命財產遭受迫切威脅,(3) 慶祝活動,(4) 測試語句
(3),312,在 430MHz 頻段通訊時，建築物的影響為何？,(1) 沒有影響,(2) 會反射所有電波,(3) 容易造成阻擋或產生強烈的反射與折射,(4) 建築物會增加訊號強度
(4),313,業餘無線電通訊中，所謂的「三號字 (Three-letter prefix)」通常是指？,(1) 名字,(2) 地址,(3) 呼號的前綴部分,(4) 呼號的後綴部分
(2),314,「Net Control Station (NCS)」是指什麼？,(1) 網路管理員,(2) 網路（或頻率網）控台，負責指揮該頻率的通訊秩序,(3) 修理收音機的人,(4) NCC 的長官
(3),315,Q 碼「QRS」的意思是？,(1) 請增加功率,(2) 請加快發報速度,(3) 請減慢發報速度,(4) 請更換頻率
(1),316,在 CW 通訊中，呼叫特定電台時，正確的順序是？,(1) 對方呼號 DE 自己呼號,(2) 自己呼號 DE 對方呼號,(3) 只有自己呼號,(4) 只有對方呼號
(4),317,語音通訊中，「Correction」一詞代表什麼？,(1) 要求對方改正,(2) 機器需要校正,(3) 通訊中斷,(4) 我剛才說錯了，現在更正如下
(2),318,Q 碼「QRV」代表？,(1) 我有干擾,(2) 我已準備就緒,(3) 你的頻率偏移,(4) 請稍候
(1),319,在業餘無線電中，什麼是「Rag-chewing」？,(1) 長時間的閒談或隨意聊天,(2) 測試天線,(3) 修理機器,(4) 參加正式比賽
(3),320,當你在頻率上聽到「QRZ?」而沒有聽到呼號時，你應該？,(1) 立即回答自己的呼號,(2) 叫對方安靜,(3) 繼續監聽直到聽清楚呼號為止,(4) 關機
(4),321,在進行衛星通訊時，由於衛星移動產生的頻率偏移稱為？,(1) 柵欄效應,(2) 衰落,(3) 諧波,(4) 多普勒效應 (Doppler Effect)
(2),322,Q 碼「QSL?」後帶問號表示？,(1) 你收到我的卡片了嗎？,(2) 你能確認收到我的訊息嗎？,(3) 你的地址在哪？,(4) 你要結束通訊嗎？
(1),323,在通訊紀錄中，「Mode」欄位應填寫什麼？,(1) 發射模式（如 FM, USB, CW 等）,(2) 心情,(3) 天氣,(4) 機器廠牌
(3),324,「Squelch」功能的主要作用是？,(1) 增加發射距離,(2) 改變聲音頻率,(3) 在沒有信號時抑制背景雜訊音,(4) 提高發射功率
(2),325,拼音字母「I」的讀法為何？,(1) Ice,(2) India,(3) Item,(4) Italy
(4),326,拼音字母「J」的讀法為何？,(1) Japan,(2) Jack,(3) June,(4) Juliett
(1),327,拼音字母「K」的讀法為何？,(1) Kilo,(2) King,(3) Key,(4) Knife
(3),328,拼音字母「M」的讀法為何？,(1) Mother,(2) Moon,(3) Mike,(4) Music
(2),329,拼音字母「N」的讀法為何？,(1) Night,(2) November,(3) Name,(4) No
(4),330,拼音字母「O」的讀法為何？,(1) Open,(2) Ocean,(3) Orange,(4) Oscar
(1),331,拼音字母「P」的讀法為何？,(1) Papa,(2) Peter,(3) Phone,(4) Paper
(3),332,拼音字母「T」的讀法為何？,(1) Tiger,(2) Table,(3) Tango,(4) Tea
(2),333,拼音字母「U」的讀法為何？,(1) Under,(2) Uniform,(3) Union,(4) Uncle
(4),334,拼音字母「W」的讀法為何？,(1) Water,(2) West,(3) White,(4) Whiskey
(1),335,拼音字母「X」的讀法為何？,(1) X-ray,(2) Xerox,(3) Xmas,(4) Xylophone
(3),336,拼音字母「Y」的讀法為何？,(1) Yellow,(2) Young,(3) Yankee,(4) Yes
(2),337,語音通訊中，代表數字「1」的拼音字元為？,(1) One,(2) Unaone,(3) Wone,(4) Alpha
(4),338,語音通訊中，代表數字「2」的拼音字元為？,(1) Two,(2) To-two,(3) Beta,(4) Bissotwo
(1),339,在 CW 通訊中，代表「數字 5」的電碼是？,(1) 滴滴滴滴滴,(2) 噠噠噠噠噠,(3) 滴滴滴噠噠,(4) 噠噠噠滴滴
(3),340,在 CW 通訊中，代表「數字 0」的電碼是？,(1) 滴滴滴滴滴,(2) 滴噠滴噠,(3) 噠噠噠噠噠,(4) 噠滴噠滴
(2),341,Q 碼「QTH?」的意思是？,(1) 你的姓名為何？,(2) 你的位置（經緯度或地名）在哪？,(3) 你的天氣如何？,(4) 你的頻率是多少？
(1),342,在短波通訊中，「Skip Zone」是指？,(1) 地波與天波反射點之間的通訊死角區,(2) 跳繩的範圍,(3) 衛星通過的區域,(4) 天線正上方
(4),343,進行 SSTV（慢描電視）通訊時，主要傳送的是？,(1) 高畫質影片,(2) 只有聲音,(3) 摩爾斯碼,(4) 靜態圖像
(2),344,「Beacon」電台的主要目的是？,(1) 播放廣告,(2) 提供信號參考以觀測電波傳播狀況,(3) 供人聊天,(4) 導航飛機
(3),345,在進行業餘無線電通訊時，應優先禮讓哪種通訊？,(1) 國外電台,(2) 功率大的電台,(3) 緊急災難救助通訊,(4) 自己的朋友
(1),346,「RST 579」在 CW 通訊中代表音質 T 是？,(1) 完美的音質,(2) 有交流聲的音質,(3) 斷斷續續的音質,(4) 慘不忍睹的音質
(4),347,在通訊結束後，雙方若想交換卡片，通常會透過？,(1) 郵局直接寄送,(2) QSL 管理員 (Manager),(3) 業餘電台管理局 (Bureau),(4) 以上皆可
(3),348,電功率的單位為何？,(1) 歐姆 (Ohm),(2) 伏特 (Volt),(3) 瓦特 (Watt),(4) 安培 (Ampere)
(1),349,電壓的單位為何？,(1) 伏特 (Volt),(2) 歐姆 (Ohm),(3) 瓦特 (Watt),(4) 安培 (Ampere)
(4),350,電流的單位為何？,(1) 瓦特 (Watt),(2) 歐姆 (Ohm),(3) 伏特 (Volt),(4) 安培 (Ampere)
(2),351,電阻的單位為何？,(1) 瓦特 (Watt),(2) 歐姆 (Ohm),(3) 伏特 (Volt),(4) 安培 (Ampere)
(1),352,歐姆定律的公式為何？（E代表電壓，I代表電流，R代表電阻）,(1) E = I × R,(2) I = E × R,(3) R = I / E,(4) E = I + R
(3),353,若一電路電壓為 12 伏特，電流為 2 安培，則電阻為多少歐姆？,(1) 24 歐姆,(2) 10 歐姆,(3) 6 歐姆,(4) 0.16 歐姆
(2),354,若一電路電壓為 12 伏特，電阻為 6 歐姆，則功率為多少瓦特？,(1) 2 瓦特,(2) 24 瓦特,(3) 72 瓦特,(4) 0.5 瓦特
(4),355,電感器的基本單位為何？,(1) 法拉 (Farad),(2) 歐姆 (Ohm),(3) 伏特 (Volt),(4) 亨利 (Henry)
(1),356,電容器的基本單位為何？,(1) 法拉 (Farad),(2) 亨利 (Henry),(3) 歐姆 (Ohm),(4) 瓦特 (Watt)
(2),357,頻率的單位為何？,(1) 歐姆,(2) 赫茲 (Hertz),(3) 安培,(4) 瓦特
(3),358,144 MHz 等於多少 Hz？,(1) 144,000 Hz,(2) 1,440,000 Hz,(3) 144,000,000 Hz,(4) 144 Hz
(1),359,當兩個 100 歐姆的電阻串聯時，總電阻為多少？,(1) 200 歐姆,(2) 100 歐姆,(3) 50 歐姆,(4) 0 歐姆
(3),360,當兩個 100 歐姆的電阻並聯時，總電阻為多少？,(1) 200 歐姆,(2) 100 歐姆,(3) 50 歐姆,(4) 25 歐姆
(2),361,二極體的主要特性為何？,(1) 雙向導通,(2) 單向導通,(3) 放大訊號,(4) 儲存電能
(4),362,三極體（電晶體）通常具備什麼功能？,(1) 只能當開關,(2) 只能整流,(3) 只能儲能,(4) 放大訊號或作為電子開關
(1),363,何謂「交流電 (AC)」？,(1) 電流方向隨時間週期性改變的電流,(2) 電流方向恆定的電流,(3) 電壓永遠是 0 的電流,(4) 電池產生的電流
(2),364,何謂「直流電 (DC)」？,(1) 電流方向隨時間改變,(2) 電流方向不隨時間改變,(3) 交流電經變壓器後的結果,(4) 閃電產生的電流
(3),365,變壓器的主要工作原理是利用？,(1) 熱電效應,(2) 光電效應,(3) 電磁感應,(4) 化學反應
(4),366,在自由空間中，無線電波的傳播速度大約為何？,(1) 每秒 340 公尺,(2) 每秒 3,000 公里,(3) 每秒 30,000 公里,(4) 每秒 300,000 公里
(1),367,波長 (λ)、頻率 (f) 與光速 (c) 的關係為何？,(1) λ = c / f,(2) f = c × λ,(3) c = f / λ,(4) λ = f / c
(2),368,145 MHz 無線電波的波長大約是多少？,(1) 1 公尺,(2) 2 公尺,(3) 10 公尺,(4) 70 公分
(3),369,433 MHz 無線電波的波長大約是多少？,(1) 2 公尺,(2) 1 公尺,(3) 70 公分,(4) 10 公分
(1),370,何謂「調幅 (AM)」？,(1) 利用訊號改變載波的振幅,(2) 利用訊號改變載波的頻率,(3) 利用訊號改變載波的相位,(4) 關閉載波
(2),371,何謂「調頻 (FM)」？,(1) 利用訊號改變載波的振幅,(2) 利用訊號改變載波的頻率,(3) 利用訊號改變載波的相位,(4) 載波頻率固定不變
(4),372,下列何種發射模式佔用的頻寬最窄？,(1) FM,(2) AM,(3) SSB,(4) CW (等幅電報)
(3),373,SSB 是哪種調變方式的簡稱？,(1) 調頻,(2) 雙側波帶,(3) 單側波帶,(4) 數位調變
(1),374,在 SSB 中，USB 代表什麼？,(1) 上側波帶,(2) 下側波帶,(3) 通用序列匯流排,(4) 超高頻波段
(2),375,在 SSB 中，LSB 代表什麼？,(1) 上側波帶,(2) 下側波帶,(3) 低速波段,(4) 漏波帶
(4),376,超外差接收機中，「中頻 (IF)」的作用為何？,(1) 增加發射功率,(2) 改變天線長度,(3) 降低電池消耗,(4) 方便進行訊號過濾與放大
(1),377,接收機的「選擇性 (Selectivity)」是指？,(1) 區分鄰近頻率訊號的能力,(2) 接收微弱訊號的能力,(3) 調整音量的能力,(4) 選擇不同天線的能力
(2),378,接收機的「靈敏度 (Sensitivity)」是指？,(1) 區分干擾的能力,(2) 接收微弱訊號的能力,(3) 機器重量的大小,(4) 螢幕亮度
(3),379,天線的「增益 (Gain)」通常是以什麼作為參考基準？,(1) 歐姆,(2) 瓦特,(3) 各向同性天線 (dBi) 或半波偶極天線 (dBd),(4) 安培
(4),380,半波偶極天線 (Half-wave Dipole) 的長度大約是波長的多少？,(1) 1 倍,(2) 2 倍,(3) 1/4 倍,(4) 1/2 倍
(1),381,1/4 波長垂直天線通常需要什麼來維持良好的發射效果？,(1) 地網 (Ground Plane),(2) 絕緣漆,(3) 放大器,(4) 塑膠外殼
(2),382,八木天線 (Yagi Antenna) 是一種？,(1) 全向性天線,(2) 指向性天線,(3) 圓形天線,(4) 地下天線
(3),383,同軸電纜線的特性阻抗，在業餘無線電中最常用的是多少歐姆？,(1) 300 歐姆,(2) 75 歐姆,(3) 50 歐姆,(4) 8 歐姆
(4),384,當天線與傳輸線阻抗不匹配時，會產生？,(1) 音量變大,(2) 頻率增加,(3) 諧波消失,(4) 駐波 (Standing Wave)
(1),385,SWR = 1.0 代表什麼意思？,(1) 完美的匹配，沒有反射功率,(2) 天線斷了,(3) 反射功率最大,(4) 功率增加一倍
(3),386,濾波器的作用為何？,(1) 增加電力,(2) 改變語言內容,(3) 允許特定頻率通過，抑制其他頻率,(4) 儲存水份
(2),387,「低通濾波器 (Low Pass Filter)」的作用是？,(1) 只讓高頻通過,(2) 只讓低於截止頻率的訊號通過,(3) 阻擋所有訊號,(4) 增加雜訊
(1),388,「高通濾波器 (High Pass Filter)」的作用是？,(1) 只讓高於截止頻率的訊號通過,(2) 只讓低頻通過,(3) 調整電壓,(4) 保護天線
(4),389,振盪器 (Oscillator) 在無線電電路中的功能為何？,(1) 放大聲音,(2) 穩定電壓,(3) 整流,(4) 產生特定頻率的射頻訊號
(2),390,混頻器 (Mixer) 的功能為何？,(1) 混合兩種聲音,(2) 將兩個不同頻率訊號結合，產生和與差的頻率,(3) 調整天線角度,(4) 清理雜訊
(3),391,功率放大器 (Power Amplifier) 的主要目的為何？,(1) 改變頻率,(2) 降低訊號強度,(3) 提升射頻訊號的功率以便發射,(4) 調整音調
(1),392,電離層中哪一層在白天最能反射短波 (HF)？,(1) F 層,(2) D 層,(3) E 層,(4) 地面層
(4),393,什麼是「諧波 (Harmonics)」？,(1) 悅耳的聲音,(2) 背景雜訊,(3) 基礎頻率的一半,(4) 基礎頻率整數倍的頻率
(2),394,若發射頻率為 145 MHz，其二次諧波頻率是多少？,(1) 72.5 MHz,(2) 290 MHz,(3) 145 MHz,(4) 435 MHz
(3),395,當 SWR 指標為 3.0 時，對發射機有什麼潛在危險？,(1) 會省電,(2) 訊號更遠,(3) 反射功率過高可能損毀功率電晶體,(4) 頻率會偏移
(1),396,假負載 (Dummy Load) 通常是一個？,(1) 無感性 50 歐姆電阻,(2) 電感器,(3) 電容器,(4) 電池
(2),397,使用假負載測試時，是否會輻射出強大的無線電波？,(1) 是,(2) 否，電能轉化為熱能而非電波輻射,(3) 視天氣而定,(4) 視頻率而定
(2),398,在電路中，並聯兩個相同容量的電容器，總電容會如何變化？,(1) 減半,(2) 加倍,(3) 不變,(4) 變為零
(1),399,在電路中，串聯兩個相同容量的電容器，總電容會如何變化？,(1) 減半,(2) 加倍,(3) 不變,(4) 消失
(3),400,「電感」的主要特性是阻礙什麼的變化？,(1) 電壓,(2) 電阻,(3) 電流,(4) 頻率
(1),401,「電容」的主要特性是阻礙什麼的變化？,(1) 電壓,(2) 電流,(3) 功率,(4) 電感
(4),402,下列何者是導體？,(1) 玻璃,(2) 塑膠,(3) 陶瓷,(4) 銅
(1),403,下列何者是絕緣體？,(1) 橡膠,(2) 銀,(3) 鋁,(4) 鹽水
(2),404,無線電發射機的「載波 (Carrier)」是指？,(1) 搬運機器的車子,(2) 未經調變的射頻正弦波,(3) 語音訊號,(4) 電源線
(3),405,調頻 (FM) 訊號的「頻偏」與什麼有關？,(1) 載波的頻率,(2) 電池的電壓,(3) 調變訊號（語音）的振幅,(4) 天線的高度
(1),406,「帶通濾波器 (Band Pass Filter)」的作用是？,(1) 只允許特定頻率範圍內的訊號通過,(2) 阻擋所有頻率,(3) 只讓直流電通過,(4) 增加諧波
(4),407,什麼是「寄生振盪」？,(1) 正常的訊號發射,(2) 電鈴的聲音,(3) 穩定的頻率輸出,(4) 電路中產生的非預期且不穩定的振盪
(2),408,天線系統中的「巴倫 (Balun)」主要功能為何？,(1) 增加發射功率,(2) 轉換平衡與不平衡傳輸線路（如雙線與同軸電纜）,(3) 當作避雷針,(4) 測量頻率
(3),409,同軸電纜線的結構由內而外依序為？,(1) 絕緣體、中心導體、隔離網、外皮,(2) 外皮、隔離網、絕緣體、中心導體,(3) 中心導體、絕緣體、隔離網、外皮,(4) 隔離網、中心導體、絕緣體、外皮
(1),410,在 144MHz 頻段，同軸電纜線長度越長，產生的損失會？,(1) 越多,(2) 越少,(3) 不變,(4) 消失
(4),411,無線電波的極化 (Polarization) 是由什麼決定的？,(1) 電池的正負極,(2) 聲音的大小,(3) 天線的重量,(4) 電場向量的振動方向（通常由天線放置方向決定）
(2),412,水平放置的偶極天線，其輻射出的電波極化方式為何？,(1) 垂直極化,(2) 水平極化,(3) 圓極化,(4) 無極化
(1),413,直立架設的 1/4 波長天線，其輻射出的電波極化方式為何？,(1) 垂直極化,(2) 水平極化,(3) 交叉極化,(4) 隨機極化
(3),414,「駐波比 (SWR)」測量儀器應該連接在何處最能反應天線現況？,(1) 電源線與插座之間,(2) 麥克風與發射機之間,(3) 發射機輸出端與傳輸線之間,(4) 接收機與喇叭之間
(4),415,當 SWR 為 1.5 時，反射功率大約是多少？,(1) 0%,(2) 50%,(3) 100%,(4) 約 4% (極小)
(2),416,什麼是「互調干擾 (Intermodulation)」？,(1) 一種好聽的音樂,(2) 兩個或多個不同頻率訊號在非線性電路中混合產生的新干擾頻率,(3) 電線短路,(4) 螢幕閃爍
(1),417,「超外差 (Superheterodyne)」接收機中的「本地振盪器 (Local Oscillator)」作用為何？,(1) 產生一個與接收頻率混合以產生中頻的訊號,(2) 直接發射電波,(3) 調整音量,(4) 幫電池充電
(3),418,接收機中的「自動增益控制 (AGC)」功能為何？,(1) 自動改變頻率,(2) 自動報呼號,(3) 穩定不同強度的訊號輸出音量,(4) 自動關機
(2),419,在射頻電路中，「遮蔽 (Shielding)」的主要目的是？,(1) 防止生鏽,(2) 防止電磁干擾洩漏或侵入,(3) 增加散熱,(4) 美化外觀
(4),420,「直流電源供應器」的作用是？,(1) 產生無線電波,(2) 測量電阻,(3) 儲存聲音,(4) 將交流市電轉換為穩定的直流電供設備使用
(1),421,無線電機中的「散熱片」主要是利用什麼原理降溫？,(1) 熱傳導與對流,(2) 蒸發,(3) 電磁感應,(4) 絕緣
(3),422,在業餘無線電通訊中，「10米波段」是指哪個頻率範圍？,(1) 144-146 MHz,(2) 7.0-7.3 MHz,(3) 28-29.7 MHz,(4) 430-440 MHz
(2),423,「全向性天線」是指在什麼方向上的輻射強度大致相等？,(1) 垂直方向,(2) 水平平面方向,(3) 所有三維空間,(4) 只有前方
(1),424,八木天線中的「反射器 (Reflector)」長度通常比「驅動元件 (Driven Element)」？,(1) 長,(2) 短,(3) 一樣長,(4) 粗
(2),425,八木天線中的「導向器 (Director)」長度通常比「驅動元件」？,(1) 長,(2) 短,(3) 一樣長,(4) 細
(4),426,同軸電纜線規格如「RG-58」或「5D-FB」，其特性阻抗通常為？,(1) 10 歐姆,(2) 75 歐姆,(3) 100 歐姆,(4) 50 歐姆
(3),427,下列哪種連接器 (Connector) 最常用於 UHF 頻段且損失較小？,(1) PL-259,(2) BNC,(3) N 型接頭,(4) RCA 接頭
(1),428,「假負載 (Dummy Load)」在測試時會發熱，這代表電能轉換成了？,(1) 熱能,(2) 光能,(3) 位能,(4) 聲能
(2),429,在數位通訊模式中，「Baud Rate」是指？,(1) 聲音的頻率,(2) 每秒傳送的符號數,(3) 電池的容量,(4) 天線的增益
(4),430,「Packet Radio」是一種利用什麼技術進行的通訊？,(1) 語音,(2) 電視,(3) 摩爾斯碼,(4) 分封交換數位技術
(3),431,無線電波的「折射」是指電波在不同介質界面發生？,(1) 反射回來,(2) 消失,(3) 傳播方向改變,(4) 頻率變倍
(1),432,「天波 (Sky Wave)」通訊主要是靠哪一層反射？,(1) 電離層,(2) 對流層,(3) 平流層,(4) 臭氧層
(2),433,「地波 (Ground Wave)」通訊在什麼頻段最為有效？,(1) 超高頻 (UHF),(2) 長波與中波 (LF/MF),(3) 極高頻 (VHF),(4) 微波
(4),434,視距通訊 (Line-of-Sight) 主要受限於？,(1) 雲層,(2) 太陽黑子,(3) 聲音大小,(4) 地球曲率與地形障礙
(1),435,什麼是「衰落 (Fading)」？,(1) 接收信號強度隨時間發生起伏的現象,(2) 機器沒電,(3) 頻率變準,(4) 聲音變好聽
(3),436,在 50MHz 頻段，偶爾出現的長距離傳播現象通常稱為？,(1) 流星餘跡,(2) 極光傳播,(3) 偶發 E 層傳播 (Sporadic E),(4) 月面反射
(2),437,「增益」的單位「dB」是？,(1) 絕對值單位,(2) 相對比例的對數單位,(3) 重量單位,(4) 長度單位
(1),438,若功率增加一倍，代表增加了多少 dB？,(1) 3 dB,(2) 6 dB,(3) 10 dB,(4) 20 dB
(3),439,若電壓增加一倍，代表增加了多少 dB？,(1) 3 dB,(2) 10 dB,(3) 6 dB,(4) 1 dB
(4),440,什麼是「截止頻率 (Cut-off frequency)」？,(1) 發射機壞掉的頻率,(2) 聲音最高頻,(3) 電池耗盡的頻率,(4) 濾波器開始大幅衰減訊號的臨界頻率
(2),441,在使用同軸電纜傳輸時，頻率越高，傳輸線的損耗會？,(1) 越小,(2) 越大,(3) 維持不變,(4) 消失
(1),442,「諧振 (Resonance)」是指電路在特定頻率下，電抗值為何？,(1) 抵消為零（純電阻性）,(2) 無窮大,(3) 負值,(4) 隨機變化
(3),443,調整天線長度使其與發射頻率相符，這個過程稱為？,(1) 放大,(2) 調變,(3) 諧振或調諧,(4) 衰減
(2),444,「陷波器 (Notch Filter)」的主要功能是？,(1) 讓所有頻率通過,(2) 針對性地大幅衰減某個特定頻率,(3) 增加低音,(4) 幫電池充電
(4),445,無線電機中的「微處理器 (CPU)」主要負責？,(1) 產生高功率射頻,(2) 接收天線訊號,(3) 焊接電路,(4) 控制頻率顯示、記憶頻道及使用者介面邏輯
(1),446,在 HF 接收機中，「雜訊抑制器 (Noise Blanker)」主要對付哪種雜訊？,(1) 脈衝式雜訊（如引擎火星塞干擾）,(2) 背景白雜訊,(3) 鄰頻語音,(4) 電視節目
(2),447,「RIT」功能在接收機中代表什麼？,(1) 增加功率,(2) 接收頻率微調（不影響發射頻率）,(3) 自動報時,(4) 錄音功能
(3),448,接收機中的「靜噪 (Squelch)」電路是根據什麼來決定是否開啟聲音？,(1) 語音的內容,(2) 電池電量,(3) 輸入訊號的強度或信噪比,(4) 環境溫度
(1),449,「VFO」代表什麼？,(1) 可變頻率振盪器,(2) 垂直頻率輸出,(3) 極高頻振盪器,(4) 音量調整器
(2),450,在 FM 發射機中，若調變過度 (Over-modulation) 會造成？,(1) 訊號變強,(2) 佔用頻寬過大並干擾鄰近頻道,(3) 省電,(4) 頻率變低
(4),451,什麼是「多徑傳播 (Multipath propagation)」？,(1) 只有一條路徑,(2) 電波在空中消失,(3) 電線太多,(4) 同一信號經由不同路徑抵達接收端產生的現象
(1),452,無線電波在對流層中因密度不均產生的傳播現象稱為？,(1) 對流層散射 (Tropospheric scatter),(2) 電離層反射,(3) 月面反射,(4) 地面波
(3),453,天線的「垂直輻射角度」較低時，通常有利於？,(1) 近距離通訊,(2) 聽收音機,(3) 遠距離 (DX) 通訊,(4) 增加噪音
(2),454,「2米波段」的頻率範圍大約是？,(1) 28-29.7 MHz,(2) 144-148 MHz,(3) 430-440 MHz,(4) 7.0-7.3 MHz
(4),455,「70公分波段」的頻率範圍大約是？,(1) 144-146 MHz,(2) 50-54 MHz,(3) 1.8-2.0 MHz,(4) 430-440 MHz
(1),456,下列何者是測量射頻功率的常用單位？,(1) dBm 或 瓦特,(2) 歐姆,(3) 攝氏,(4) 升
(3),457,「假負載」的阻抗應該是多少歐姆才能模擬標準業餘天線？,(1) 0 歐姆,(2) 75 歐姆,(3) 50 歐姆,(4) 300 歐姆
(2),458,在接收機中，「前置放大器 (Pre-amplifier)」應安裝在何處效果最好？,(1) 喇叭旁邊,(2) 儘可能靠近天線端,(3) 電源供應器內,(4) 麥克風內
(1),459,什麼是「數位訊號處理 (DSP)」？,(1) 利用數學運算對訊號進行過濾、降噪等處理技術,(2) 用手撥號,(3) 增加電池壽命,(4) 調整螢幕顏色
(4),460,「APRS」通訊系統主要結合了無線電與什麼技術？,(1) 電視,(2) 傳真,(3) 藍牙,(4) 全球定位系統 (GPS)
(2),461,無線電波的「波長」是指？,(1) 電線的厚度,(2) 電波在一個週期內傳播的距離,(3) 機器的高度,(4) 通訊的時間長短
(3),462,在 FM 接收機中，哪一個電路負責將射頻訊號還原成語音？,(1) 混頻器,(2) 振盪器,(3) 鑑頻器 (Discriminator) 或解調器,(4) 濾波器
(1),463,「平衡式調變器 (Balanced Modulator)」在 SSB 發射機中的作用是？,(1) 抑制載波產生雙側波帶訊號,(2) 增加音量,(3) 調整電壓,(4) 保護天線
(4),464,當兩台發射機頻率非常接近時，可能會在接收端產生？,(1) 音樂,(2) 拍頻 (Beat) 或干擾聲,(3) 頻率加倍,(4) 什麼都聽不見
(2),465,「電場」與「磁場」互相垂直交替產生，並向外傳播的現象稱為？,(1) 聲波,(2) 電磁波,(3) 水波,(4) 地震波
(1),466,下列何種材料最適合製作高頻電路的遮蔽盒？,(1) 鋁或銅等金屬,(2) 木頭,(3) 塑膠,(4) 玻璃
(3),467,發射機的「頻率穩定度」是指？,(1) 聲音的高低,(2) 功率的大小,(3) 發射頻率隨時間或溫度漂移的程度,(4) 天線的長度
(4),468,在業餘無線電中，「15米波段」是指？,(1) 14 MHz,(2) 7 MHz,(3) 28 MHz,(4) 21 MHz
(2),469,「電離層」的產生主要是受到什麼的照射？,(1) 月光,(2) 太陽紫外線與 X 射線,(3) 閃電,(4) 燈火
(1),470,「臨界頻率 (Critical Frequency)」是指電波能被電離層反射回來的？,(1) 最高垂直頻率,(2) 最低頻率,(3) 平均頻率,(4) 固定頻率
(3),471,在傳輸線中，損耗最小的是？,(1) 便宜的同軸電纜,(2) 細的同軸電纜,(3) 空氣絕緣的開放式平行線,(4) 電話線
(4),472,同軸電纜的「縮短率 (Velocity Factor)」是指？,(1) 導線變短的速度,(2) 機器運算速度,(3) 電磁波在電纜中與在真空中傳播速度的比值,(4) 減肥的速度
(2),473,天線的「頻寬」是指？,(1) 天線的重量範圍,(2) 天線能維持良好匹配（如 SWR<2.0）的作業頻率範圍,(3) 天線的高度範圍,(4) 價格範圍
(1),474,「地網」對垂直天線的作用是？,(1) 提供一個鏡像反射面以形成完整的偶極效果,(2) 收集雨水,(3) 增加天線重量,(4) 防止鳥類停留
(3),475,「J 型天線 (J-Pole)」是一種？,(1) 只有 J 等人員能用的天線,(2) 水平天線,(3) 饋電匹配的半波垂直天線,(4) 圓形天線
(4),476,使用「天線調諧器 (Antenna Tuner)」的主要目的是？,(1) 讓天線長度變長,(2) 增加太陽黑子,(3) 改變發射模式,(4) 使發射機看到的阻抗匹配，以保護發射機並傳送能量
(2),477,「線性放大器 (Linear Amplifier)」的主要特性是？,(1) 只能放大 FM,(2) 輸出訊號與輸入訊號成線性比例，不失真地放大訊號,(3) 體積非常小,(4) 不需要電源
(1),478,「諧振電路」是由哪些元件組成的？,(1) 電感器與電容器,(2) 電阻器與電池,(3) 開關與燈泡,(4) 喇叭與麥克風
(3),479,在 144MHz 頻段，若 SWR 為 2.0，發射機的保護電路可能會？,(1) 增加功率,(2) 發出警報音樂,(3) 開始自動降低輸出功率以保護機件,(4) 讓頻率加倍
(4),480,什麼是「雜散輻射 (Spurious Radiation)」？,(1) 正常的訊號,(2) 月亮的反射,(3) 太陽的熱能,(4) 除必要發射外的任何頻率輻射（如諧波、寄生發射）
(2),481,「Q 值 (Quality Factor)」在諧振電路中代表？,(1) 電池的品質,(2) 電路的選擇性或能量儲存效率,(3) 呼號的長度,(4) 聲音的好聽程度
(1),482,接收機的「鏡像頻率 (Image Frequency)」干擾是哪種接收機的特性？,(1) 超外差接收機,(2) 礦石收音機,(3) 數位接收機,(4) 所有接收機都沒有
(3),483,「RF Gain」控制的作用是？,(1) 調整螢幕顏色,(2) 調整發射功率,(3) 調整接收機射頻放大級的增益,(4) 調整鬧鐘時間
(2),484,在業餘衛星通訊中，使用「圓極化」天線的優點是？,(1) 天線比較美觀,(2) 減少因衛星自旋引起的信號衰落,(3) 省電,(4) 增加衛星壽命
(4),485,無線電波的「繞射 (Diffraction)」是指電波？,(1) 穿透牆壁,(2) 被反射回來,(3) 消失在空中,(4) 繞過障礙物邊緣繼續傳播的現象
(1),486,「D 層」電離層在晚上的狀態為何？,(1) 幾乎消失,(2) 變得最強,(3) 變成 F 層,(4) 變成紅色
(3),487,「40米波段」是指哪個頻率？,(1) 14 MHz,(2) 21 MHz,(3) 7 MHz,(4) 3.5 MHz
(2),488,「160米波段」是指哪個頻率？,(1) 3.5 MHz,(2) 1.8 MHz,(3) 7 MHz,(4) 144 MHz
(4),489,「80米波段」是指哪個頻率？,(1) 1.8 MHz,(2) 7 MHz,(3) 14 MHz,(4) 3.5 MHz
(1),490,「20米波段」是指哪個頻率？,(1) 14 MHz,(2) 21 MHz,(3) 28 MHz,(4) 7 MHz
(3),491,「6米波段」是指哪個頻率？,(1) 144 MHz,(2) 430 MHz,(3) 50 MHz,(4) 28 MHz
(2),492,「電磁感應」是誰發現的物理定律？,(1) 愛因斯坦,(2) 法拉第,(3) 牛頓,(4) 貝爾
(4),493,當頻率增加一倍，波長會？,(1) 增加一倍,(2) 不變,(3) 增加四倍,(4) 減為一半
(1),494,「變容二極體」在電路中常被用來？,(1) 調整頻率（當作可變電容）,(2) 發光,(3) 當作電池,(4) 放大聲音
(3),495,「齊納二極體 (Zener Diode)」常用於？,(1) 放大訊號,(2) 當作天線,(3) 電壓穩定（穩壓）,(4) 整流
(2),496,接收機中的「BFO」作用是為了接收哪種訊號？,(1) FM,(2) CW 或 SSB,(3) AM,(4) 電視
(4),497,「假負載」在測試結束後感覺燙手，是因為它把電能消耗在？,(1) 磁場,(2) 靜電,(3) 光能,(4) 熱能
(1),498,「電橋 (Bridge)」電路常用於測量？,(1) 阻抗、電感或電容,(2) 體重,(3) 濕度,(4) 風速
(3),499,同軸電纜中的「屏蔽網」主要作用是？,(1) 讓線變漂亮,(2) 增加抗拉強度,(3) 防止電磁能量洩漏並阻擋外界干擾,(4) 傳導直流電
(2),500,「1/4 波長整流管」可以當作？,(1) 電池,(2) 阻抗轉換器或陷波器,(3) 喇叭,(4) 天線支架
(1),501,發射機輸出端的「低通濾波器」能有效抑制？,(1) 高頻諧波干擾,(2) 低頻雜音,(3) 電源漣波,(4) 語音失真
(4),502,無線電波在「視距」之外還能傳播的原因不包括？,(1) 折射,(2) 繞射,(3) 電離層反射,(4) 光合作用
(2),503,「太陽黑子週期」大約是幾年？,(1) 1 年,(2) 11 年,(3) 50 年,(4) 100 年
(3),504,「MUF」代表什麼意思？,(1) 最小使用頻率,(2) 機器損壞頻率,(3) 最高可用頻率 (Maximum Usable Frequency),(4) 音量最大值
(1),505,什麼是「衰減器 (Attenuator)」？,(1) 降低訊號強度的裝置,(2) 增加功率的裝置,(3) 改變頻率的裝置,(4) 錄音機
(4),506,接收機的「動態範圍」是指？,(1) 體積大小,(2) 頻道數量,(3) 價格高低,(4) 能處理的最強訊號與最弱訊號之間的比值
(2),507,「PLL」鎖相迴路技術常用於？,(1) 調整天線高度,(2) 頻率合成與穩定,(3) 增加電池電量,(4) 美化聲音
(1),508,「三階互調產物 (IMD3)」在線性放大器中越低代表？,(1) 訊號越純淨，失真越小,(2) 功率越大,(3) 頻率越高,(4) 機器越熱
(3),509,當天線與阻抗不匹配時，傳輸線上的電壓分布會形成？,(1) 直線,(2) 圓圈,(3) 駐波,(4) 消失
(2),510,「分貝 (dB)」增加 10dB 代表功率增加？,(1) 2 倍,(2) 10 倍,(3) 100 倍,(4) 1.25 倍
(4),511,「分貝 (dB)」減少 3dB 代表功率變為？,(1) 1/10,(2) 1/4,(3) 0,(4) 1/2
(1),512,「信噪比 (S/N)」越高代表？,(1) 通訊品質越好，訊號明顯高於雜訊,(2) 雜訊太多,(3) 頻率太高,(4) 功率太小
(3),513,「微波」是指頻率在多少以上的電波？,(1) 1 MHz,(2) 30 MHz,(3) 1 GHz,(4) 10 Hz
(2),514,天線的「前向後比 (F/B ratio)」是指？,(1) 天線的前後長度比,(2) 主輻射方向與相反方向輻射強度的比值,(3) 價格比,(4) 機器重量比
(1),515,「垂直天線」的仰角通常比「水平天線」？,(1) 低,(2) 高,(3) 一樣,(4) 視天氣而定
(4),516,「陷波器」在重複頻率 (Repeater) 系統中的作用是？,(1) 增加音量,(2) 改變頻率,(3) 讓天線旋轉,(4) 抑制發射訊號進入接收機造成飽和
(2),517,「多頻段天線」是指？,(1) 顏色很多的天線,(2) 能在多個業餘頻段諧振的天線,(3) 很多人一起用的天線,(4) 能接收電視的天線
(3),518,「電解電容器」在使用時必須注意？,(1) 顏色,(2) 重量,(3) 正負極性不能接反,(4) 廠牌
(1),519,「積層電感」常用於？,(1) 高頻微型電路,(2) 抽水馬達,(3) 電燈泡,(4) 汽車引擎
(4),520,發射機的「寄生發射」主要來源不包括？,(1) 諧波,(2) 互調失真,(3) 電路振盪,(4) 正確的語音調變
(2),521,「窄頻 FM (NFM)」佔用的頻寬大約是多少？,(1) 100 kHz,(2) 12-16 kHz,(3) 1 MHz,(4) 1 Hz
(1),522,「相位 (Phase)」是指兩個相同頻率波形之間的？,(1) 時間或角度上的偏移,(2) 高度差,(3) 顏色差,(4) 速度差
(3),523,若兩個訊號「反相 (180度)」，疊加後會？,(1) 增加一倍,(2) 頻率加倍,(3) 互相抵消,(4) 變成直流電
(2),524,「同軸電纜」的內導體與外屏蔽網之間是什麼？,(1) 鐵絲,(2) 絕緣介質,(3) 空氣,(4) 水
(4),525,「雙金屬片」天線常用於？,(1) 潛水艇,(2) 飛機,(3) 增加阻抗,(4) 業餘無線電較少見，通常指特定材料組合
(1),526,「地電位」在電路設計中通常定義為？,(1) 0 伏特參考點,(2) 110 伏特,(3) 無窮大,(4) 隨機值
(3),527,「電感性抗 (Inductive Reactance)」隨頻率增加而？,(1) 減少,(2) 不變,(3) 增加,(4) 消失
(2),528,「電容性抗 (Capacitive Reactance)」隨頻率增加而？,(1) 增加,(2) 減少,(3) 不變,(4) 加倍
(1),529,無線電機中的「保險絲」是利用什麼原理工作的？,(1) 電流熱效應熔斷,(2) 磁場吸引,(3) 聲控,(4) 遙控
(4),530,「數位類比轉換器 (DAC)」的功能是？,(1) 把聲音變大,(2) 調整頻率,(3) 接收天線訊號,(4) 將數位碼轉換為連續的類比電壓訊號
(3),531,業餘無線電「三類」技術原理題目中，最基本的定律是？,(1) 牛頓定律,(2) 相對論,(3) 歐姆定律,(4) 畢氏定理
(2),532,用歐姆表測量電路中的電阻時，應採取以下哪些措施？,(1) 確定提供的電壓是正確的,(2) 確定電路是沒有供電的狀況,(3) 確定電路有接地,(4) 確定電路工作是在正確的頻率
(2),533,用電壓表測量高電壓時，應採取以下哪一項措施？,(1) 確定電壓表具有非常低的阻抗,(2) 確定電壓表和測量線材是在額定電壓規格下使用,(3) 確定電路經由電壓表接地,(4) 確定電壓是設定在正確的頻率
(2),534,以下哪項是 12 伏特蓄電池的安全隱憂？,(1) 用手觸摸外殼可能會導致電擊,(2) 端子短路會導致灼傷、起火或爆炸,(3) 電池的射頻發射,(4) 以上皆是
(4),535,流經身體的電流是如何造成傷害？,(1) 加熱身體組織,(2) 破壞細胞的功能,(3) 導致不自主的肌肉收縮,(4) 以上皆是
(3),536,連接到三孔交流插頭中的綠線是什麼？,(1) 中性線,(2) 火線,(3) 接地線,(4) 白線
(2),537,電路中保險絲的用途是什麼？,(1) 防止電源雜訊損壞電路,(2) 在過載情況下中斷電源,(3) 限制負載消耗的功率,(4) 提高電路效率
(1),538,為了安全起見，保險絲應該連接在電源的哪一側？,(1) 火線,(2) 中性線,(3) 接地線,(4) 任何一側都可以
(3),539,當有人因觸電無法脫離電源時，首要採取的行動為何？,(1) 立即用手將其拉開,(2) 潑水降溫,(3) 關閉總電源或用絕緣體將其撥開,(4) 報警等待
(2),540,安裝天線時，應與電力線保持多少安全距離？,(1) 1 公尺,(2) 至少應大於天線及支撐架倒下時能觸及電力線的距離,(3) 只要不碰到就好,(4) 沒有規定
(1),541,雷擊防護中，避雷針的主要作用是？,(1) 將閃電電流安全導入大地,(2) 阻止閃電發生,(3) 增加訊號強度,(4) 儲存閃電能量
(4),542,在雷雨天從事無線電通訊，最安全的作法是？,(1) 使用最高功率,(2) 換成手持對講機,(3) 站在大樹下,(4) 停止通訊並將天線饋線與設備斷開並接地
(3),543,關於射頻 (RF) 能量對人體的影響，下列敘述何者正確？,(1) RF 能量是游離輻射,(2) 只有高壓電才會影響,(3) 高強度的 RF 能量會使身體組織過熱,(4) 完全沒有影響
(2),544,為了減少對鄰居的電磁干擾與健康疑慮，天線應安裝在？,(1) 鄰居窗戶旁,(2) 遠離他人經常活動的開闊高處,(3) 客廳內,(4) 地下室
(1),545,在修理無線電設備內部電路前，應先？,(1) 拔掉電源並將高壓電容器放電,(2) 喝杯咖啡,(3) 調整音量,(4) 戴上耳機
(4),546,使用手持對講機通訊時，應避免？,(1) 報呼號,(2) 用中文溝通,(3) 在室外使用,(4) 天線太靠近眼睛或大腦，且長時間高功率發射
(2),547,若發現電源線外皮破損、銅線外露，應？,(1) 用紙帶包起來,(2) 立即更換或用合格絕緣膠帶妥善修復,(3) 繼續使用,(4) 噴水降溫
(3),548,接地線應使用何種導線以減少阻抗？,(1) 細鐵絲,(2) 漆包線,(3) 粗銅線或編織銅帶,(4) 塑膠繩
(1),549,下列何者是預防射頻灼傷 (RF Burn) 的方法？,(1) 避免在發射時觸碰天線或裸露的饋線,(2) 穿厚衣服,(3) 戴太陽眼鏡,(4) 縮短天線
(4),550,在塔架（天線塔）上作業時，必須？,(1) 穿拖鞋,(2) 單手工作,(3) 閉上眼睛,(4) 佩戴安全帶並確保下方地面安全
(2),551,行動式電台（車台）安裝時，電源線應加裝保險絲並儘可能靠近？,(1) 無線電機,(2) 電池端,(3) 輪胎,(4) 方向盤
(3),552,若發生電氣火災，應使用何種滅火器？,(1) 水,(2) 泡沫滅火器,(3) 乾粉或二氧化碳滅火器,(4) 濕抹布
(3),553,為什麼要避免將天線安裝到電線桿？,(1) 由於感應電壓，天線不能正常工作,(2) 公用事業公司將向您收取額外的月費,(3) 天線會接觸到高壓電線,(4) 以上皆是
(3),554,關於防雷所使用的接地導體，以下哪項是正確的？,(1) 只能使用非絕緣電線,(2) 必須用精確的直角彎曲的導線小心地佈線,(3) 導線避免過大的彎曲,(4) 必須避免共用接地
(3),555,為防護雷擊在鐵塔安裝地線時，以下哪項是最佳做法？,(1) 在接地連接處安裝一個迴路，以防止水對地面系統造成損害,(2) 確保地線中的所有彎頭都是乾淨的、直角彎曲,(3) 確保接地線連接短而直接,(4) 以上皆是
(4),556,VHF 和 UHF 無線電信號是什麼類型的輻射？,(1) 伽瑪輻射,(2) 游離輻射,(3) 阿爾法輻射,(4) 非游離輻射
(2),557,以下哪個頻率具有最大允許暴露限值的最低值？,(1) 3.5 百萬赫,(2) 50 百萬赫,(3) 440 百萬赫,(4) 1296 百萬赫
(1),558,電磁相容性 (EMC) 的定義為何？,(1) 設備在電磁環境中能正常工作且不對其他設備產生不可忍受干擾的能力,(2) 增加無線電功率的技術,(3) 調整天線高度的方法,(4) 電池充電的效率
(2),559,什麼是「電磁干擾 (EMI)」？,(1) 一種加強訊號的裝置,(2) 任何可能引起設備性能降低或損害的電磁現象,(3) 正常的廣播節目,(4) 電線的阻抗
(4),560,電磁干擾產生的三個基本要素不包括？,(1) 干擾源,(2) 耦合路徑,(3) 敏感設備（受擾體）,(4) 天線的顏色
(1),561,「傳導干擾」主要是透過什麼媒介傳播？,(1) 電源線或訊號線等導體,(2) 空氣中的電磁波,(3) 塑膠外殼,(4) 木頭桌面
(2),562,「輻射干擾」主要是透過什麼媒介傳播？,(1) 金屬導線,(2) 空間中的電磁場（無線電波）,(3) 接地線,(4) 電流
(3),563,在電源線上加裝「鐵粉芯 (Ferrite Core)」的主要目的是？,(1) 增加重量,(2) 美化線材,(3) 抑制高頻共模干擾電流,(4) 提高電壓
(1),564,「遮蔽 (Shielding)」效能與下列何者關係最密切？,(1) 遮蔽材料的導電率、厚度及孔洞大小,(2) 設備的價格,(3) 作業員的年資,(4) 電池的廠牌
(4),565,下列何種做法可以減少電子設備的電磁輻射？,(1) 增加外殼孔洞,(2) 拿掉接地線,(3) 使用不具屏蔽的塑膠盒,(4) 縮短電路板上的訊號迴路面積
(2),566,「共模 (Common Mode) 雜訊」是指？,(1) 兩根導線之間產生的雜訊,(2) 導線對地之間產生的相同相位雜訊,(3) 只有直流電有的雜訊,(4) 聲音太大的雜訊
(3),567,「差模 (Differential Mode) 雜訊」是指？,(1) 導線對地之間的雜訊,(2) 根本不存在的雜訊,(3) 兩根導線（如火線與中性線）之間產生的雜訊,(4) 靜電雜訊
(1),568,在 PCB 設計中，良好的「接地平面 (Ground Plane)」可以？,(1) 提供低阻抗的回流路徑並減少輻射,(2) 增加電阻,(3) 消耗更多電量,(4) 讓頻率加倍
(4),569,「靜電放電 (ESD)」防護常用的元件不包括？,(1) 瞬態電壓抑制器 (TVS),(2) 壓敏電阻,(3) 接地手環,(4) 保險絲
(2),570,什麼是「電磁感應耦合」？,(1) 透過光線傳遞干擾,(2) 兩個電路之間透過磁場互相影響,(3) 透過水傳遞干擾,(4) 透過聲音傳遞干擾
(1),571,為了提高設備的「抗擾度 (Immunity)」，通常會？,(1) 在輸入端加裝濾波器與遮蔽設施,(2) 提高發射功率,(3) 拿掉外殼,(4) 增加導線長度
(3),572,業餘無線電玩家在處理鄰居電視干擾時，首要檢查的應是？,(1) 鄰居的電費,(2) 自己的通訊內容,(3) 自己的發射機是否有過多的諧波輻射,(4) 電視節目的品質
(2),573,「低通濾波器 (LPF)」安裝在發射機輸出端，主要是為了抑制？,(1) 低頻雜音,(2) 高頻諧波干擾,(3) 電壓波動,(4) 麥克風雜訊
(4),574,電子設備通過「EMC 認證」代表？,(1) 該設備永遠不會壞,(2) 該設備是免費的,(3) 該設備可以發射無限大功率,(4) 該設備產生的干擾與抗擾能力均符合法定標準
(1),575,雙絞線 (Twisted Pair) 的主要優點是？,(1) 利用對稱性抵消外部磁場干擾及自身輻射,(2) 比較便宜,(3) 比較重,(4) 比較漂亮
(3),576,下列何者容易成為電磁干擾的「接收天線」？,(1) 絕緣的塑膠棒,(2) 短小的螺絲,(3) 過長的未屏蔽訊號線,(4) 電池盒內部
(2),577,「去耦電容 (Decoupling Capacitor)」在數位電路中的作用是？,(1) 儲存聲音,(2) 提供局部電流需求並濾除電源上的高頻雜訊,(3) 調整時鐘頻率,(4) 增加電壓
(1),578,若發射機對音響設備產生干擾，在音響電源線上繞幾圈「鐵粉芯」是屬於？,(1) 改變耦合路徑,(2) 消除干擾源,(3) 降低敏感度,(4) 增加音量
(4),579,「電場屏蔽」主要使用何種材料？,(1) 木板,(2) 橡膠,(3) 陶瓷,(4) 高導電率的金屬材料（如銅、鋁）
(2),580,「磁場屏蔽」在低頻時通常需要使用？,(1) 塑膠,(2) 高導磁率材料（如坡莫合金、鐵）,(3) 鋁箔,(4) 玻璃
(3),581,設備之間的「共地阻抗干擾」是由於？,(1) 沒有接地,(2) 土地太乾,(3) 多個電路共用一段具有阻抗的接地線,(4) 電源電壓太高
(1),582,下列哪種布線方式最能減少電磁耦合？,(1) 訊號線與回流線緊靠並行,(2) 訊號線與回流線形成巨大環路,(3) 隨意亂拉,(4) 繞在變壓器上
(4),583,「寬頻干擾」是指？,(1) 只有一個頻率的干擾,(2) 很好聽的干擾,(3) 網路速度很快,(4) 干擾能量分佈在很寬的頻率範圍內
(2),584,什麼是「負載點濾波」？,(1) 在發電廠端濾波,(2) 在受擾設備或電路的電源入口端進行濾波,(3) 在天線頂端濾波,(4) 在地底下濾波
(3),585,在業餘無線電作業中，若發現電腦螢幕因發射而閃爍，這通常是？,(1) 電腦中毒,(2) 螢幕太舊,(3) 強大的射頻場對電腦線路產生了輻射干擾,(4) 停電的前兆
(3),586,當你的無線電發射機對家中的電話機產生干擾時，通常是因為？,(1) 電話線太短,(2) 電話機功率太大,(3) 電話線路感應了射頻能量並在其內部解調,(4) 無線電機沒接天線
(1),587,下列何者是解決「電話干擾」最簡單有效的方法？,(1) 在電話線靠近機座處加裝射頻濾波器或繞過鐵粉芯,(2) 把電話機丟掉,(3) 換一個房間發射,(4) 增加發射功率
(4),588,「二次諧波」干擾是指發射頻率為 F 時，在什麼頻率產生的干擾？,(1) 1/2 F,(2) F + 10MHz,(3) F - 5MHz,(4) 2 F
(2),589,若 144MHz 的發射機干擾到 288MHz 的接收設備，這屬於？,(1) 基波干擾,(2) 諧波干擾,(3) 影像干擾,(4) 音頻干擾
(1),590,在接收機前端加裝「帶通濾波器」可以有效預防？,(1) 來自強大鄰頻信號造成的過載或減感干擾,(2) 電池沒電,(3) 太陽黑子消失,(4) 麥克風雜音
(3),591,當兩個或多個強大信號進入接收機前端並產生新的干擾頻率時，稱為？,(1) 頻率漂移,(2) 諧振,(3) 互調失真 (Intermodulation),(4) 多普勒效應
(2),592,解決「電視干擾 (TVI)」的第一步通常是？,(1) 叫鄰居搬家,(2) 確認自己的天線系統駐波比正常且發射機無諧波洩漏,(3) 增加天線高度,(4) 換一台電視
(4),593,「鐵粉芯 (Ferrite Core)」在排除射頻干擾時的作用是？,(1) 增加導線電感以抑制高頻干擾電流,(2) 將射頻能量轉換為微量熱能,(3) 阻斷共模電流,(4) 以上皆是
(1),594,什麼是「寄生發射 (Spurious Emission)」？,(1) 非預期的、位於必要頻寬之外的射頻發射,(2) 正常的語音信號,(3) 衛星發出的信號,(4) 遙控器的信號
(3),595,如果你的發射機在所有頻道都對電視產生干擾，這可能是？,(1) 只有某個頻道壞了,(2) 電視天線斷了,(3) 發射機產生了廣泛的雜散輻射或基波過強,(4) 停電
(2),596,「射頻接地」與「安全接地」的主要區別在於？,(1) 安全接地不需要導線,(2) 射頻接地需要極短且寬的導線以減少高頻阻抗,(3) 射頻接地是為了防止觸電,(4) 沒有區別
(4),597,下列哪種設備最容易受到鄰近業餘電台的射頻干擾？,(1) 沒插電的燈泡,(2) 塑膠盆栽,(3) 木桌,(4) 未經良好屏蔽的音響放大器或電腦主機
(1),598,「低通濾波器」應該安裝在？,(1) 發射機與天線之間,(2) 麥克風與主機之間,(3) 電池與主機之間,(4) 喇叭與主機之間
(2),599,在 VHF/UHF 通訊中，若發現語音中有明顯的交流嗡鳴聲 (Hum)，應檢查？,(1) 天線是否太高,(2) 電源供應器的濾波電容是否老化或故障,(3) 頻率是否太準,(4) 天氣是否太冷
(3),600,使用「數位模式」通訊時，若音量過大（Overdrive）會導致？,(1) 速度變快,(2) 頻寬縮小,(3) 產生嚴重的雜散輻射並干擾鄰頻,(4) 電量增加
(4),601,預防射頻干擾 (RFI) 的良好習慣不包括？,(1) 使用高品質的同軸電纜,(2) 確保所有連接頭焊接良好,(3) 保持良好的系統接地,(4) 儘量使用最大功率進行本地通訊
(1),602,「影像干擾 (Image Interference)」主要是由哪種接收機的設計特性造成的？,(1) 超外差接收機,(2) 直接放大接收機,(3) 礦石收音機,(4) 所有接收機
(2),603,若你的發射訊號進入了鄰居的電腦喇叭並傳出你的聲音，這稱為？,(1) 數位通訊,(2) 音頻整流 (Audio Rectification),(3) 電磁感應,(4) 互感
(3),604,在排除干擾時，若將天線改為「假負載」後干擾消失，說明干擾是？,(1) 經由電源線傳導的,(2) 機器內部洩漏的,(3) 經由天線輻射出去的,(4) 鄰居幻聽
(2),605,當兩個發射機距離很近時，應使用什麼設備來減少互相干擾？,(1) 放大器,(2) 雙工器或高品質腔體濾波器,(3) 變壓器,(4) 延長線
(4),606,業餘電台在處理干擾投訴時，應保持的態度是？,(1) 互不理睬,(2) 否認到底,(3) 立即停止所有通訊永遠不開機,(4) 積極配合檢查並在法律規範內尋求技術解決方案
